uid,max_36_month_successed_repayment
9928074356cd1824b849,2550.0
88857882c8cb7b0d765a,1072.0
df02884555414ce10303,1687.0
a653c9c701e244633a41,2112.0
b1d51ffa48aba7e568f7,962.0
b70e9aaf6f083075378f,2099.0
f5f72433b28feab67b4c,1423.0
1b19eb9ebba723a990b7,1647.0
c5b93608eb10b4f86ed8,1835.0
4d66d68d6f388901bb30,1800.0
ccd70dd5af7306d224e1,1493.0
305f6f13e2025167a790,1036.0
7449790d85faabf89315,2248.0
02634778f77eeec9a234,1490.0
0dce985a5d71d9f57d27,3309.0
660ad9f03aaceefd0893,1672.0
fd927afd021700f842dc,1647.0
79fbfdae06688ce416e2,1303.0
ee57d2e4857425c2a4b2,1340.0
aed0c510b8de29dc6664,1734.0
59e437cec1c267293b16,1619.0
10610e2dd2244e8cb773,1137.0
cfa7ed4e3ca300349ade,1480.0
7207f144ac4a45f4e3c2,1333.0
4c05fde69f9beed9de6d,1692.0
8e65525150e44bc9d7f8,1711.0
22b2b9f30133ca2110d7,1137.0
9341e1da506bd35d8ff1,1383.0
ca59753045960a5707e6,1346.0
c9503d34aebfa12bb183,1117.0
97ba8174c2fffff0b23c,1264.0
1e608dbfdfca14c46fde,1044.0
16396703955c669778cf,1752.0
830de806af1db5497825,1461.0
113c539900836a506050,2640.0
82ab9145990efc526477,1666.0
3d870e42a26b6af19ac4,2041.0
2d2df06350e140a16d68,1770.0
23e0bb258180bd1f5b66,2257.0
3c22da8586b46ed2ddbf,1274.0
5a9af9fb895072348eeb,1145.0
4934dfffe55e2d021235,1307.0
c01c7b59f7e30471f749,1539.0
970dab98f278c58ebb52,1255.0
d7b2c1b807a3b01cd512,1085.0
51d1bcde54e8ed179956,1192.0
a1e868889e77c8e259b2,1159.0
dfaf66a5cbdde2bec32b,2463.0
c3cdf7b7b52621b327ea,1515.0
203c57d5bbcf7b585695,1213.0
30e9b3ee6595ed105efe,2486.0
978eb25269be7f00ad83,1334.0
416d2679d7803fc93cb5,2228.0
0c62e694d5b84d00b5a4,1320.0
1ac6b13eb976b3e1566b,2393.0
81c5d129a0b88c687280,1471.0
74d6174fe68f98aa345b,1567.0
1d3e7fc288c93a6d2a9f,1369.0
0d757efe32b3b11cbc86,1327.0
dae14a073e738de6ec40,1655.0
00133039608db11dfc57,1306.0
bb38a8481c2b6b6ea199,1155.0
36454d8ca3c0ebcd84ff,1839.0
c87cb135d416730c2d34,1644.0
bdbd835a88b2198b5fdd,2202.0
8d203ddd5ec2f72f05fb,2482.0
357de872ecfefae1de64,2596.0
160b69f46b95c11a83f1,1960.0
e1eab9691314bc8a19a6,1258.0
ee3284e25883adb7fc56,1979.0
a1538d9416ced0ea673c,2145.0
454fdda2c497748869f9,1477.0
e6196d1e407603fea47c,1846.0
981d6a7dc0890752e07d,1383.0
f227d133629bfbcba72d,1648.0
8249062d439e09159708,1527.0
c479417d536d18f7f180,2043.0
0bf03bb990d4f2d42b32,2021.0
2713f3e55179a0516ba4,963.0
9b955fc076c8b809c6e8,1506.0
8988a85e7a1418c5b5d4,1425.0
e90f15f83ab67b447af1,1397.0
a344a7f307d5a1c8f787,1198.0
e5118e549ca31b681c95,1144.0
a8c014450be8253c83ee,2950.0
a2ab1fca5457b6cb6357,1887.0
a86e229dbe3911ae91ff,1272.0
fc1a16688a2c1e470787,2482.0
e13322440df5f8fdc985,1101.0
78686d37cf8c69341e7a,1706.0
920cdac8f2122c3caf67,1303.0
b4b8874ae98cbaf4fbf1,1579.0
b3633fd04fd81c2470c5,2398.0
712c8221e314751a13a6,1429.0
de778bcb830019d00a5b,1061.0
64b6b3acdc66cb505084,1887.0
4b9b88b1c1c045a6474b,2333.0
cfa175ca3108d00539f5,1906.0
c492db78f4c63875d09c,1450.0
588b38fb4aa0d5420ebb,1295.0
897ab806753c9b02c0d2,1296.0
22434ab3abdba6a65656,1330.0
0a76b73412d3a6c4b68d,1403.0
b2f09e289455d70b6796,1599.0
bad21ea226ea45b1b87e,2032.0
51c17a6cfc8fd52fc7da,1708.0
140bc9bdee59e1c7b7b5,1577.0
8fdd824e7cc394108fd3,1732.0
9dafa71b15d5c2e757ec,1527.0
f9f736efec5fdb3df9dd,940.0
395a1cc7a63b04d2111c,1345.0
6a662a2705a747fd1cc8,1554.0
b2197550b301b59b5f0b,1414.0
f7fb1f8be7b6d5466c0b,1821.0
5f7d021ef8c64150c0d9,1596.0
6bc6a0c4c41cd013eaf3,1610.0
08b8b83d3dfc2159f09f,1898.0
17a2833ad5d8c38aadd4,970.0
77de05eb20acb144ece0,1726.0
13c3253aabf7ea2679a2,1512.0
1ee33eca9758799f8830,1999.0
336b488d20e1c10c4aa6,1543.0
8be99ff9a42f78d4b5b6,1666.0
af9541ca31119215adb3,1916.0
2bb26e03d7f9a20a2160,1181.0
c6294eac0b41ea74ec69,1287.0
0e5f9ab39cb41e9e6b62,1403.0
730dad8c9a4f140acd76,1329.0
d1c3a93d68b605a181da,1255.0
d3f60a1b9c743a6b585d,3312.0
7924040cc91d5acf830f,1155.0
f9f1bda70f42838d31fc,2081.0
5e7085c6a5d80028f576,2439.0
e1e3e495e4d1b9b7376b,1367.0
f1555a88c9c5e2318d0e,1880.0
66ecef20bfa4e968b235,2010.0
c7f2a5ee2c62363c716a,1546.0
af67b5faf5527a3cd58a,1962.0
9578c83ab0d7ce3de635,2050.0
6b9e5c273c8a481b73ab,1945.0
710d1ad3218c9a37c72e,1395.0
113277e690d0c5e94152,2708.0
b9edba532758665662e6,1826.0
9c6b137ff4639628c05b,1105.0
dd6fd504ec5a33d438a4,1738.0
5184a463abe55f99370a,1446.0
eedd925ec836f7d0dda3,1251.0
facaa27502da64848df7,1889.0
772cfcaad016f09d1245,1618.0
f184881ce48610de3c93,1098.0
082758cd1b3eaa808933,1615.0
a1322570f7732386c9d3,2303.0
d7320f18fe5bb757c196,1347.0
490d51c64801a6ad0ca5,2604.0
3221bee1d2952fe5b1a1,1757.0
ca942fc3651a11319f27,1494.0
a7b7a1fb362a891d4323,1830.0
284b39c80877a908cf86,1424.0
cf27bec83a97969308b2,1328.0
f4cd76c34466baaf7927,1530.0
3fb18c1390d0e7500dac,1151.0
92a460f3542e4c17c2d6,2022.0
e5ed04224831ae6c3832,2382.0
2d2044a245fe7e8efafe,2277.0
73037f9b5e6cf8348fde,1280.0
1b90cc12fbd63905c5fe,2010.0
2925743945f77ed74606,1864.0
554ad85d7fe31ddf17e3,1304.0
67d80fc2744d54f25c27,2712.0
4d88dd117673e457a3c3,1113.0
b14d9ea4475fb8e236c6,1641.0
ca21cf3c78706fd8f452,951.0
607607604bd36e646d8a,1606.0
3906b729775da0905b54,1381.0
cae894dd293860e93a46,1107.0
bdd039cbcb2a9fdfe837,1751.0
367411915dd790ae4cff,2184.0
8b9ba7343f1c6943ee36,1916.0
44b936e31ba4282ebf9f,1099.0
99af7b6307b1a043a066,1028.0
2902437b4f8cf886c572,1284.0
2299e2453d471d396af1,1986.0
70fe84d25c0a4c96b18b,1695.0
efef4c43a92664d6d6cc,1272.0
d8225f426906ee5c06d4,870.0
7fe017e0812570d150db,1186.0
7355b3fbc96a77a18dd6,1323.0
da07fb0ce7091276dbe8,1284.0
08b3f6b44183399dcf31,1334.0
dd6eabbbc263b1662599,1192.0
acc319aecadabd6d9861,2103.0
2c5970c9bccd88a5405a,2316.0
6103bf11d93b2017f8ed,1261.0
a954097ef35759e940c5,1516.0
8e1b2987173adb7999b4,1550.0
0a2ffba672d21d43d5e9,1264.0
3ffe482fedbcd85889bb,2299.0
a12dccb897fb4cea1f66,1369.0
4ea50451c8be201c89ef,1155.0
75426efbfc63095bb1b3,1562.0
906e99fee4751c189456,1411.0
e023f7437865494f74c7,1744.0
b361ece542f9bd24373c,1799.0
a148bbe9d6fcb05c92a3,1170.0
b0c624ab8a3d6cd69c12,1093.0
262742c53fed77892e1d,1947.0
57df899bacacae99be6e,1323.0
82c268d55f42998360ce,1740.0
c8a5ad51a6085555550f,2410.0
3694d8e16f6476da8545,1185.0
19a26dcd2a9d87f2bea8,1125.0
8741ccf98a7eac95e30c,1165.0
a5a94935e5a0bf59a061,998.0
38e3f5d3b345e63a0646,1990.0
bee0ea90d24204dcd863,1391.0
2922be6caec8a4922018,1406.0
ddbff149724186912985,1149.0
8afa25c020a461b3af1e,1595.0
31d71a85df54bc2c5f61,1742.0
7733fb4db2c9ffeb4090,1463.0
6b304baec4fac4450249,2053.0
acf56896331beea0392b,1684.0
4c7420f61dcb2fac2025,1231.0
693befac912025bbef63,1205.0
b0e9450bbd2613a01126,1396.0
36d78e17914f8ecd02dc,1146.0
9752da43106f27253c8c,1334.0
1cb37caba09ef5ee465f,2300.0
79cd7de6ca2080ce54c9,1740.0
8008ef4eca0053bf5978,1637.0
b85a8b7d6e798d793827,1524.0
551a491b9f0fad2d69a5,1844.0
86c88f687320d9ef5dfc,1507.0
c48bcbbc368b890888b5,1821.0
9d551b47616d6dc72a66,1224.0
6377bda116eaebc54fae,1527.0
ca77ef37477fd1f04d41,1313.0
561842b9cedaec7b5468,1553.0
753e99671d9eacafceaa,1537.0
69fc21fcc09fd4034eaa,1672.0
a16510604e361fabb340,1583.0
76e0e6669c13ce911625,1795.0
73f57c21e8adba352909,1678.0
8e384c991253c153e462,1521.0
2ec178522138bb5391b1,1022.0
54e2f48892edb4ac5b7d,1602.0
4d1f0fb0d10ab916ea3d,1537.0
2810e02734aff722afec,2073.0
7972a5438b84d51a54ea,1283.0
27e917d5b24f6b7409c5,2123.0
0e2723594d0ea0cdc8ec,1567.0
3bc9832e556233ff5688,2214.0
bf5efa96e6665ec8db8d,2064.0
8773d8e006438aa66df9,1186.0
70e95fa6cd09ae0224f9,1118.0
e204d1656b6c57160add,2011.0
7e6f152301ae19274a29,2175.0
6a208c7164ec14dc2111,1416.0
54cc2145ab729ec46e38,2839.0
5e5a40ada2bcb7d6f263,2104.0
26fdba695df85b2c8fd8,1826.0
b33b84220ba6466abf98,1137.0
aaaf504f2c47e1c347cf,1549.0
a3d088a12fe7c956d0f1,1849.0
4c0f641fc27577172b74,2124.0
e46c5302d7b4a64379d8,1846.0
6458fe43521fc9875138,1447.0
8f6df4999d3d354f1cff,1156.0
9486e4700cbd60ea5075,2701.0
8e0f42f084105dba15ed,1209.0
fd417f3c27e5b87763c3,1084.0
e125db6b89c42dd685e5,2081.0
9bb070c50c1da3e66efd,1502.0
4badef3342b0aec35525,1459.0
709c3382b7b467e9f49d,2266.0
24be33bc4b4baf5dc5de,1577.0
362a6b4078b3830b5103,1269.0
319100bb8ee280fccf73,1664.0
e5fa063b2d399143e9d6,1352.0
2ec8cbe92f76e24dfa88,1053.0
8aa2de9a0bb70985ed17,1610.0
0efd4a8f2763f3bcbe42,2275.0
1d0604e8e25c6e5ee729,1430.0
76bb6acfdaed17a8b122,1601.0
2915313a04bc04634254,1265.0
6b44023f3ff6b6f63dcc,2331.0
10a2803002d052f301e9,1106.0
ee1f27d367672c42d715,1324.0
47753657f9d25af5bcb5,1242.0
774a52b3acc471453a7b,1004.0
d54253801d0164437da2,2654.0
6062079bbf4977c9e30d,1526.0
32d8b345ea5373e9e710,2017.0
bc27f02c5c7e4405f9e7,1436.0
0d7982a29b5603c8bfb4,1544.0
ea32f67eeffb553b4db6,3089.0
7fc4bb048f7f7736f9a6,1321.0
8d037be68a7a0a729fd8,1112.0
35f9361031c5b665f48b,1469.0
f2acba2b20a25bb2abe3,1418.0
b157ad19311df1eb2b7a,1097.0
6ba072b91af09b683bb1,2041.0
a5f052cd9dba4aa81721,1345.0
c27cc90cfc7fcdcebca1,1964.0
799c362618bc58e7f52d,1231.0
48d21f8416af43e44694,1650.0
406efae5688a05ecb8f1,1920.0
773b15eabbb87ddfb216,1303.0
a9ee3c70728a82768759,2944.0
db9f8eae09b087ce2673,1697.0
d3bb794c6a9be9d539c3,1385.0
6db3491bec4324419a1d,1405.0
389a2ecbf8c532dea570,1434.0
98a0bd470ef83b3e032c,1112.0
efd245c2c9a371e6afc5,1949.0
b4fce2633d85b1ca94b0,1712.0
0cad98cd0c27cfadd3d9,1313.0
27b4b6b6e92e667a9099,1414.0
c54510d391ce3fa5f792,1208.0
14f34c8868edb58538b2,2215.0
8c9fba6347d55005a849,1409.0
c010602099cf21508256,1344.0
1c25e8d7e2e9485cd1dc,1414.0
3f4b73ad0c3c3916be04,2068.0
6ce27e62b1ac200e1369,1547.0
91c30e6cd726978265b0,1935.0
e259c48a94c8acd24fdd,1375.0
dd61b182e8d7df27e0d2,1086.0
f14dccfd123e6957ada1,3069.0
3cecf5cbed6f79a9c579,1428.0
26c2692eba729e769237,1162.0
20a04281f38433bce4f3,1889.0
3f44229585e662031b63,1301.0
db3e9844d335f436e612,986.0
98fc31973140a4f814ca,1857.0
01cf7dd425b087e039e3,1500.0
7deaf99823e3253ccf61,1623.0
4c14b14e32f06ec5fa02,1017.0
19895b02b8d73ddfdb7f,1682.0
3328caab4bffb82d562c,934.0
88f6d162377cb5e2bed4,1932.0
8e9e705505b7d6530c83,1007.0
f5e105ea63d0655c8b94,1817.0
d1a08cc260efb827fffd,1630.0
f5ff0ed868b8d834f06e,1777.0
2b36da8abadf60ba6504,1365.0
09f9770386ff9b9c6f46,1306.0
cc8fdcb227aadf18c362,1445.0
6315e071f6d68b468a88,1754.0
ed0665d38cdc75540017,1730.0
551199ef3c61eb6a8851,1217.0
d2474f2eeebf6327da3f,1296.0
8b6db33b36c5b507b3df,1274.0
d5debc0b71bc4f18fc7c,1255.0
6fd7ebeeecac8fc7987f,1710.0
6dee30dc065b543c1979,1547.0
f622f97f984ed4f00187,1176.0
bc4a60ab1ef677cd02c6,1521.0
7a2b667d25a0249328e3,1764.0
1905a4908b77adca8d3b,1810.0
28ce99c1b5120e56e6e2,3049.0
07a0ebda3e1524d6173b,3009.0
b57ce762db77a2e55701,2637.0
f91500c7fe80ea9d8429,1606.0
33eeb2757b39d437d210,1077.0
a3ee1192174e0a2bf584,2766.0
1d78b70963fd4f2d0eb7,1348.0
632a85d675c362c2d2f0,1787.0
8fd9fbb2460b971fd4ea,2688.0
b8605b337bbd62b8eb0c,2519.0
de921f7504b755a2e639,1427.0
3d9f3d65500ca2675630,1504.0
58431478f21191560152,2465.0
b578ad18a232a680229e,1495.0
cc3183ac266799c0bbd2,954.0
f124556c53cd04f80995,1488.0
9016c449eaff7b07051b,2451.0
86b1714403427c13a54a,1366.0
1d5a7e9b58b438f5320b,1859.0
6d89293c2201232dd2f8,1505.0
456f22410affc63e6075,2583.0
fdacb9350e00615811d1,2174.0
605827ef43a3d1f0b868,1332.0
9231ce032b7cbcd1f40f,2806.0
7483bc9335d6e38032ef,1294.0
5813ca6430a432486685,3636.0
fc26fa4f275a11b3395a,1359.0
e04d3f607cd7fde9aad9,1901.0
d97cf444361f474d4e13,1196.0
c2532eb8a529fceed7cd,1689.0
0594deb2680a97f5e3d5,1847.0
ade3e3d1f9a06c807ab8,1745.0
f913680636d139dfafee,1030.0
6209ec663b568c278297,1235.0
1d17f90152e170fdff4e,1889.0
a8bce7010fcf5a26de30,2243.0
1671f41d45a6eea637ee,1558.0
a648a3b5fa5b35b2610e,1257.0
64b8ea846e3120d71af2,1678.0
ede4e4b747c6b0b890b7,1073.0
31522caeb1bf66ec6071,1163.0
06e180259e7f69dda63c,1530.0
85777d7c85af386ea5cb,2163.0
97577ed7095e783fcd99,1578.0
7315b069f6252d602b70,1314.0
0fe4de378cf65ce220c1,1360.0
a61d97d90dadcd6022c6,1583.0
575b370560eddf767b97,1639.0
1907197e7d5c7524f4e2,2024.0
c855624fa068758f26bb,1472.0
6a4446815ff337e4a182,1173.0
ebd057bbdf195d896d07,1669.0
8d0c716827ba4fb95ea2,1314.0
b9f5595969dfaea1d8a9,1230.0
114c7f23b9d16271abf2,1342.0
b714958a6f9a0533f865,1750.0
d63898368e42f3b97110,1509.0
007a15115809566d7b67,1608.0
9cd92bd3f4a9c540fbdd,2273.0
dfe20bd08a424d5a787a,1580.0
9517bb02f64d5187660f,1265.0
e5db9607b48fe5766945,1575.0
97e6316cdf89e451be08,2928.0
d8bc051d998fb8ebf200,2320.0
d37a23bed7a702a40724,1281.0
bc835a268e80304030d8,1644.0
844c2df1fb89f2412f01,2540.0
3aa883f2f9405824739b,2100.0
cabd95c1031ea563070c,1830.0
9d1670bd733b03363967,2152.0
dd6cb650f1a69f031cd8,1551.0
16f3c59794bb79537ee7,1320.0
543ae2071f5a4ea1dfbe,1945.0
dc45be0606f1f2bcd3c7,2127.0
a79caf42b65bcb72b2ca,2096.0
11ff12670262edb173ae,2105.0
18561d637f5d46a856a3,1302.0
b9465d3a3eb89b4ce613,1881.0
e538c37fac2c97b083c9,1248.0
5d5e26a397cf9fdd0a0f,1422.0
cce7085ff758a294eddb,1951.0
594b76f00d163ec46fbd,1665.0
6f3b6673082adc1c4d07,2336.0
a7df9f42ca63d0f7b2e6,1790.0
65ad5d02970f1a276fe3,1039.0
2334710e7782c021d2e1,2043.0
0b4a56647dfa1970d82e,1510.0
b6bc55b9450efea584c7,1116.0
30b63a067e66ad52c66a,2650.0
0de9a15438c424beb1fc,1869.0
9fadbd661ee7729ccf4c,2460.0
857fc71822d1605efb2e,989.0
99d911ef2a277c3fe2b2,2011.0
74eb3c23a1d38eb8dd41,1256.0
edebb44d191f15decb7a,1882.0
b90d8c17b52a269f097b,1976.0
b302c6f7f0367fbc5325,1495.0
f8bc32efd85094f74dac,2101.0
c797fe7c153fea026f8b,922.0
939b86a644f43e42dacd,1383.0
16ec251c71db0d7c6212,1991.0
a038159e83dc53145645,1715.0
808381e714106b5717d4,2270.0
f78d7e7e7cd564bbddb4,1381.0
4374cf8ebea1689940ed,1039.0
c8b01c8b07081bd41f0d,1630.0
f1cbb4245d20fb58d0f4,2369.0
0094747d46562547cb13,1062.0
808e7c4e752a97320039,2080.0
b52cc1defecdfd9c850d,1523.0
cd297054334f2c0ff68e,1554.0
94076f339992f48c0e44,2144.0
63e91fbd482be4246bd6,2063.0
3e7605fbc1ec421a3348,1182.0
ae60d354ea8e43fc1fdf,2605.0
0db16df0dc2f095b4d60,1346.0
85d452564882c62da467,1517.0
78b6fd718b7ab91442a9,1624.0
ac1e241d1d8d0a081150,1277.0
462b7f4d83586ea63b75,1523.0
445b36f05b686e89efcf,1040.0
b4662f7f430150272a8a,1432.0
38728852e8323ae7a1c2,1115.0
b7cb1de41e71067a34ec,1429.0
f022a5ba028905929f09,1906.0
1f1d09f79992bf867843,2096.0
cc6048f72eba4012f534,1135.0
e18e1f66a2b1b0e5579b,1340.0
b2052e80397f582541a4,1286.0
ff12ab05205f772e2063,1338.0
ce395216be551069b111,1887.0
80b59f968821834095f1,1665.0
1a94c43ec7fa44893e48,1330.0
c940a35a194b86986b23,1164.0
fc428b9a557d2e810819,1265.0
7eae7b043d58bef3dd08,1597.0
8e45d03d1d7ade82f5c9,2323.0
24f41fa234ca54ccee8b,1776.0
2d52ac7798f2d564acd8,947.0
d36af2611e771c74a17b,1696.0
f4afea3ec89630f7bb8f,1407.0
ad03a81b60807fce8e00,1428.0
4317f03e3633d6283fe1,1209.0
11643f98159b426a69f6,1300.0
50765638748fe938546d,1129.0
6089e2163b42f90725ca,1654.0
830ed0710e3ff14c99aa,2637.0
6eb5cc48af18e55ca15f,2385.0
f7c17da35aeb9139206e,1140.0
d8a0d7d36d56f1559e15,1817.0
1aa78610da120deac167,1915.0
10b0e836e917fa5649a5,1006.0
93705114fadb77840c88,1003.0
9d0c23456c722ed522b1,1324.0
a6543e8153f18b0cb5a0,1495.0
9ceb576e4ce0e995bb21,2387.0
600252551e56550fae33,1983.0
74e8ef2590379b77eef0,1846.0
6de45de0ecbb329f1d6c,1366.0
cc540f85b73def7ce856,1238.0
e0e8eed87c4d89620ad2,1609.0
fd8c1400f670bd7bee83,1610.0
c699b6ac9ebc40892031,1183.0
681a05c6413f3a364386,1303.0
52408832452f185c4470,1154.0
c40037967e2b5cd8a283,1157.0
9c67ce037504ada60f4b,1434.0
f6ffe4ccc9deca600d83,1492.0
a232f4e7f17e4af67783,2117.0
2dd6d84f6221b2713d6f,2049.0
9fcad4fc69ba67f4a204,1193.0
1a4a258eb66646c65b07,1216.0
fccb48f71b3d1e4942e0,1291.0
a57b172f80abfc5de6c5,1622.0
5c4482f2c1d20e5315fe,2513.0
f7b58e0408d9ee66c4de,1481.0
8b334c1e19afb29fa636,1576.0
00dc2e28ecbfaf05c4b8,1424.0
00fde2f158782598a3d7,1204.0
402ca87d006013b3d99f,1962.0
8eec81d4debd7c486daa,1857.0
2acd2e64df6452e48bf2,1942.0
392601d98b576e8704bd,1900.0
fdda63443998e87cf6ce,1340.0
45499f80fa9642a36c67,1308.0
a91efb76b84ca3ca7315,1516.0
7837fcecbec19d10c938,1624.0
e631d08c732322e08713,1888.0
7c5d712fb70ddeff0687,2196.0
4f3a7ea7165da254529c,2053.0
0cf041e156f4b7b8475e,1641.0
a20a7f9c24603cc787de,2081.0
5ddc75f543efdb3653ba,1177.0
548816f90d44f4018f80,1536.0
787af3cc1c3a31d574aa,2025.0
9c18421443c740b7d7fc,1909.0
19e1d069ffcc72b87946,2899.0
f4e7566040a1f1760f21,1178.0
36bf150a828508e5a478,1157.0
8810a18a9d7426b1879f,1768.0
26ee5c1033c25afce14d,1113.0
24fc324c93d99917f0ea,1336.0
38f44321dc6f39ae9366,2483.0
0f75df17e7a4fddeec3f,1534.0
6607165b02e63dc827f2,1248.0
75086486c82abddef049,1401.0
cea733fad49994d3e819,2257.0
1bf89e8576da7d0234f9,2169.0
7ebcc254369bac9d5689,2055.0
099dd28671d32d917d95,1541.0
91961449d268889c9606,1525.0
57f7d80c8eb504bef5f1,1594.0
5d73f96bbb4971b759a5,1296.0
4d47689d79ad47e5293c,1721.0
81837433536c6343e013,1393.0
4653fad42bdf6c6757c3,1966.0
11b0cfb05802b5eb7d8a,1015.0
c899824b85afbb749131,2616.0
95a812b1e9b3ab541aee,1753.0
a32f91fb8541794dd728,2124.0
afa114992c6bef47e996,1279.0
b0a18a1828fa1535d725,1546.0
41bb860410da89006578,1104.0
54f6ffb84e2bf4287ea0,1774.0
425f3966831fa6bcbb67,1350.0
65b98020af42d614c7c5,1290.0
9552779a5979712a6ede,1431.0
ce8880c7ea2067e555cc,1607.0
1e3043c034df1ca7b363,1305.0
f700b784bd6a75644227,1827.0
0b4db5392ee6df690718,1119.0
bafc548176bcdea00cae,2070.0
4282f999ed506a4bc4e1,874.0
29c757fbd8c65837efe4,967.0
b9aa9319fa1d16445174,1777.0
4c49a684416c6fc17744,1597.0
04a6b80082e7909b005b,2284.0
40c18a79775686721330,3833.0
e69322c6095da902b397,1043.0
69e587f54253c444cb46,1531.0
72e58d7e019845037b31,1459.0
696fe304bf23f92be063,1802.0
649d9560e64d5c7eda44,1119.0
f1f4c4dbf54e30fe299f,1782.0
fcb87225c10573991916,1659.0
85a0cd7a5727f95489e7,1813.0
030d273b144e5c8bf280,1377.0
22705b6d919c9ca0c02a,1327.0
3b175eace5b0d1f0b64b,1245.0
30f27f9cb742bbd92011,2705.0
6f2834cb8b322ebe55ba,1439.0
229c24fcb0e6c528afb8,1265.0
16e345b0213f4de4bfa9,1211.0
512ebd5339bf4af71978,1621.0
8a88a13f334c9f702678,1433.0
e3c6e72645ee7928ced4,1075.0
320836825f044a576b79,1486.0
90055af52f0f9fb7289c,1897.0
2d825c9b8c530c6ddc7c,1087.0
173ca2df1234b63d1f8f,1628.0
bb114a7c4f9a9b402050,1357.0
084d221874f604d278ff,1280.0
9c4446c2db0a6b6d0932,1783.0
febacba575998685b8e9,1121.0
a077c8114716f19f93df,1511.0
f32a9757c83c859de197,2176.0
88b4a7f996b32e85ed94,2114.0
4278f880b39077a25e6f,1094.0
015a392944083e2f9bf8,1355.0
d84ed40f81a6b986adc7,1449.0
267f869c22ab719b35dc,931.0
36797d5936d4783b4b8b,1347.0
2e35cfee427a2cf9cbb8,1769.0
f9e8df78fe1127c99437,2092.0
6c1d17db70b46c3155cf,1160.0
5f901489e3f9e4802b28,1682.0
da654a73cbaebcfb4075,1493.0
4d2b90e0851af0826a09,1752.0
21f3f7650fd8ba6e290e,1514.0
2b0b2d13617df1a30e55,1722.0
e8e6d9b4c69c3b494da5,1238.0
74c041dab8db8c6931df,1178.0
d481e75259efbd64fc45,1559.0
b4b8fa9af490034372c9,1153.0
a7df6bc36f1665190ffc,1753.0
71eeb4157164d345b255,1017.0
909673b8f67bd12d2b45,1272.0
879a439054b44426de80,1684.0
ee0d0df5114bafaa080f,1720.0
3c3b6c4d94924b2c06a2,1577.0
c8b7f7fef30f25eb6f22,1570.0
c96d71ad954f27c4e3c0,913.0
54acf18e556c53dc3d13,1500.0
277be17bb899ba678228,1371.0
d64929ace1b73e7d0cda,1419.0
0eafc6597019fa1717f0,995.0
f35df060b58e42390185,1496.0
fbe96d4a80f69b4b7906,1276.0
47f5c80823b923f46b71,1796.0
039f21e880eba6cc6eaa,1197.0
61a742a6bc618cfd0352,1563.0
354089e12fbde0680bc0,1558.0
571e4a43d1aa6eab692a,1665.0
a3545fd6db5e4dbe4b3c,1764.0
5e77f45c885f8609ac8a,2304.0
df6fe17f69f5323be723,2767.0
4b87dbd841fd153b9889,1155.0
713ecc476d47efc4b293,2025.0
7b188a7efa0041433c9c,1817.0
52befbb31fe8005ae4f2,1028.0
5d4296c8cb9e21a6f716,2023.0
0bf85ea29bf27cdb1a9f,1922.0
809f55ecb4678754d348,1501.0
68ffd7e035cc3f50282e,1923.0
1728e8d192162b6b202b,1395.0
208064749fd9ac10ee42,2651.0
d9c799ef734a3a4386d8,2099.0
5e3b7b59cd62ee32437c,1341.0
03b2de2154abdcd3d5bc,1903.0
e6b76ea83ec907f46235,2272.0
ca7b54939a954d2a65aa,1470.0
0ce95294970fe50fc75c,2972.0
ab84f81e9abb7cb9ee90,1102.0
6b2975a79dfc777c354e,2331.0
1e650023d78e2d3034d0,1405.0
d7a1132019ab2ffcbaf5,1318.0
ab8ad484b00c38448565,2134.0
1b3e1edc784126a1112f,1708.0
21a5e783cc7154110a06,1429.0
d425c280549666ecf6ca,1674.0
b3c732073bc71e10d54d,1426.0
30004b1b262d4c837ef6,1258.0
0b3988d8b78c6d30fe64,1963.0
e13fd09917fed4369387,2184.0
7ae2958d2a53f788a79e,1547.0
0348e3e58beb48963bcc,1564.0
2aa37f404b185ae6e335,2112.0
42758abea64551b79fe9,1353.0
b98467c08742322e7d7e,1431.0
90beedb6e8c86f6d2105,2386.0
fcfa3ec7593f61b84f33,1486.0
5934807ce2bec67147f6,1672.0
e00dc67ea537d8cc0c08,889.0
1ec65445216f4bcba575,1281.0
68b3c415c2aa5914446f,1820.0
b1a81262ceffe035ada1,2065.0
232f0aa383f1dfc74469,957.0
d0cf6fa4b8208503cc73,1162.0
9040b60a05d4a5a0dd19,1603.0
3533b8d5e6a6d598408d,1973.0
fb07f91c54f6b8f79493,1857.0
ece2c09bc3ec81befc56,3040.0
428e4186944f74db3b93,1723.0
658df209d975b08517e5,2542.0
21faf05c0874e979eab4,1994.0
a2c3599f9e9d8c562e09,900.0
c1d7a9ee50e1304260a1,1167.0
14d54729a767f28ec76f,1348.0
bd742dbfe297f9c0dd66,2053.0
29719c877c74a5c7aeac,1235.0
292cc3c2df67a3810800,1967.0
e1974cd4b394de6fd5f5,1294.0
a66ee88473eb45466f49,1323.0
99d8aad6f69152be9d55,1211.0
d409cf1acbac0776bdd0,2336.0
32f81c124a0668c43dce,1370.0
93597d8575ec90482c67,1534.0
5ab7164b7922a28a3482,1494.0
8e872893bde4217adafd,1509.0
f1636d2123474fbdf6d3,1478.0
6dc1615792c47741c810,2031.0
5e4cbe8853aaa2c821ae,1434.0
ecf8d61369c99f707b16,1153.0
fcb5a967ecf7ff0a0088,1784.0
f3603b21040972a77a04,1185.0
712eff5f24168cba0383,1662.0
490b7272d4a245f75b80,1978.0
95eea7a67b8708ababbf,2176.0
77f76384c278ad1ef755,1658.0
c9b7b718e3c307aac01d,975.0
fbb3efd1c4f5813c8cde,1231.0
f32b102914ef70bbf6af,2212.0
6fecc45b8cd696e5dc47,1599.0
81e10affccb809c1bdb0,1395.0
5f48b435f71dbbdadd97,1361.0
6baf8e1640a0df6aeca6,1420.0
c0d7e6e70eb304e063c6,1960.0
4fec181a3dd80d03e428,1416.0
d90b13a2afb265bccb6a,1655.0
5b44a4eb51d486a33db4,1266.0
7e6a8e78855add67f0fb,1149.0
73cd7afb9d42ed6d9ffe,1472.0
35f826635f84e147bf76,1789.0
bf94fd63d2cb2737e395,991.0
82bfc357d38b4a87502b,1156.0
94b88b0e217d0ced16b6,1741.0
fc79f6ff3c3982706afd,2752.0
1ec3c6a3d28ecaafa15a,1712.0
0234717d1ba09947e8a1,1587.0
9ac900849ae1b2bb2868,1515.0
81a949aa82ab9df116e1,1774.0
e6de08a07353927c0f69,1266.0
32e40abaf847e6dec2c2,1616.0
e08fb907db9f34d70bca,2479.0
223b10acc979ead5498b,1417.0
afd7a8bc13499c9255bc,2273.0
25fbfcecbbb7f1825dae,1460.0
38e5824780210b2ce98d,1312.0
282db7b29fbac4be0b1d,1106.0
c900687354470a731e04,2567.0
f8e5c605c734961429cd,1183.0
dd4a4c1c37dd05739abf,945.0
907bcfe47964067db5bc,2662.0
c0fd80218265dac1ccf7,1207.0
527e7ab170e5c3a41fda,1550.0
f27b013454b21184518b,1951.0
427445e284168a2922de,861.0
abb9a1400788c01cd859,1461.0
f64f14e1ae7f8626afb7,3297.0
b3fc0f13d3a16e55fa40,1286.0
547291663a234307493b,1259.0
ca67416fd319fa78f840,1348.0
bd67afef0fbbf55b5a4c,1788.0
dd104d231b2131c4d2d2,1584.0
8578b8afdec785e9504a,1858.0
1b9e5a90b504fcbb0ff1,1939.0
ea97dd553563483c6c32,1732.0
96d6e1f8df8461f8080e,2363.0
700c43f7e3addeb905c3,1681.0
b7ef6fb7bfd73525c0b7,1110.0
79280e37e2233a76d9f2,1128.0
4ac94bc35c10c18da447,1681.0
0b8bda04b0140f46fdcb,2028.0
5ace21dd03389225fa01,1988.0
2725b7064f8a2afe14de,3213.0
7d5d08cf0a969183ebc3,1265.0
1476fb32057d0f853268,1398.0
0888ea4617ff678b2441,1842.0
4771b8dfaa55f4c95894,1439.0
192fe56e6b06c1cb4f8c,1108.0
5159b5115d4f0a9c0ef5,2445.0
d341579e2bac8f868df7,1342.0
f113637ccb6522d2b49d,2167.0
583da90fbaa89bc9b753,1164.0
d9ff5744ce7ec5a1648d,2186.0
0672184d8a67778c11f7,2263.0
6d5cd91957c36929bbe3,1562.0
e02e126d9ee444466a47,2578.0
63358a44aff3ffc73ae4,1175.0
44d00253c1cb4f2bb689,1234.0
67013d45ad106109bd91,1030.0
d4c71a12f5e7d994716d,1100.0
2496dc50dc0c64b0b524,2206.0
154ad4e271e2261959fa,1833.0
117e25ec017c0939e2a1,1878.0
716126c28843f2d9ad40,1752.0
42781f9edd85a9d54b81,1541.0
c1bec0ddfce62bc43188,1122.0
3447dd262c850ec6e267,2129.0
d2fd5abd7abe8eecf0c1,1511.0
9c765527778471b8f593,1621.0
3e06fe33ef3a99a57a98,1815.0
c44d00dab9397ce315e4,1327.0
9629d7e72ba9733b98d2,1226.0
6e187ee8c45288966f3d,1036.0
23adc36d91a6ed29e428,1514.0
d7ca92a70368560e5025,1589.0
92edf31cf91ff5968ae5,1875.0
cf14e45c5651981b8279,1186.0
f4bec89bc48eabf9e8f8,1222.0
18b56514c5585ea5d8e0,2836.0
76976059243d7ada8753,1301.0
9d3e507948c4c795ca17,1331.0
6d94fc1e82e0e00b81ed,1853.0
1dc535a8568fe32f0727,1903.0
552eb1f83cc5c4caadb1,1578.0
edce128f099feb243ec4,1546.0
0912a69a82ddcf3b8f82,1332.0
a07169b905ed9ce106c4,1142.0
34c863cfc7db77d71211,1936.0
ce62d23dc3ab1bb32ba1,2015.0
339b17097d9674a74715,1672.0
1c0cf1c579c35b63afc0,1149.0
580de796aeb4cb886bea,1791.0
4f3f9a1e4bcd64c7bc92,1695.0
8a0f2e955247b2b0311c,1276.0
40d8ccc9e6752d5bdb9f,1768.0
c73b5ddc51db18292c46,2557.0
8ed6868fc18cc712d9ca,1686.0
ae2a0a43f92ebe64081b,1478.0
abb2af9ff8c6df720e4d,1045.0
277eaddf22e7818af501,1169.0
9bc67c0f2a6ce3fd4a97,1918.0
b3a86c96d771d1a7884f,1847.0
f0e4a384477f5acccb82,1875.0
07d2df226f72138af381,1780.0
5a9411e3feb32f2fd8d2,1994.0
b4a99f8c69a0ec4579f8,2198.0
10506f07afb9e41ceeda,1276.0
d07f27c285208a63d2f2,1568.0
204e7cdf55c3e129bcdf,2136.0
79a8feb26ec5dbc7dfc0,2006.0
fdd3b93f7f729e0ba646,965.0
ea1c8e45bf1412dc00d8,1910.0
8ff9956b5f4a58834c9a,2301.0
928d99669dd3c1f80a34,2228.0
ae46f4df69cfec235eba,1506.0
90122e11eba689830b1c,1410.0
2edd33f241a50d32a2b7,1209.0
0d7b0c731b6c7a0522a6,1207.0
05c1301798aedf2d8547,2084.0
6347fb296021f5a9c722,1454.0
4803bfd5ac0d78cf211f,1583.0
3a2b7e9056b08e6c6dc6,2287.0
e7a01cf4690e26956bb2,2000.0
1a176b128dc989585e26,1368.0
4d29bf47140fd2508acf,1126.0
ff092d5d4cd32cb60894,1285.0
779c7bb7bd995d094d1a,3615.0
f5330da8825892108355,2346.0
2f4e71a34f852cd480d4,1307.0
decabd07500791e11384,1308.0
121f82f66d5277c75fd0,1549.0
9fb58951e129ca28c15a,1419.0
e3ebe2c5479bed685b42,2486.0
dc942c7c83aadf15bd95,1570.0
5256ebf8aad96f868749,1947.0
07b56856a712f272dc50,1810.0
e09e4bf693bfa49f2ebd,2328.0
132f6ae319e693777a07,1522.0
781d9f67903329b400c8,2353.0
2b9fe0b47aba4d9313f0,1272.0
0b57005d45cd176eb6a8,1318.0
a62fb76cf1a5ba2a7e9e,1667.0
a50427bc59e8a68f68b1,1752.0
7a78ab76a6b978245d38,1333.0
d5e3695f367cf192bde1,1170.0
641b34a6ab8f41255eec,1398.0
ebbdf08d98a83347e327,2573.0
b1dcfedec013651d4741,1674.0
715203f4bd6fc51e0a2b,2649.0
ab1a4ecbcfbe2ae74d81,1828.0
b8b25d9d13b156d777f5,2215.0
250e8b38a733eaea671e,1147.0
6c452fa69d8ef2185c88,1584.0
5660e86492a4fa41da7d,1169.0
dae78e8bd79cb09432bf,1387.0
1f7c4be325b4f81211e1,1326.0
2d4266abcca303db8b80,1765.0
f5b919dbf0b7711e55c6,2162.0
c4272a02db6d58035d0b,1953.0
9ddd878f41f183c41f5d,2321.0
c0d94f0e88f8abec8c1e,1582.0
04f2f3bc0c8f1e8d44e4,2056.0
6c8a35cf6f0606d604b3,1165.0
5a94804c6558278d5526,2282.0
fe28c75f47ccfe4795ea,1236.0
50b078f7d8a51830d26f,1345.0
9371202c95a183e9972f,1345.0
419ee352d2bdb2261fd6,1471.0
bca3928bd06d84cbd180,1266.0
57086fe86260e502fe65,1710.0
151134926f8a875637f8,1745.0
360613abd1f97e408464,1211.0
954be128359cc954db9a,1507.0
5d5d5719399d0fcc6f87,1759.0
7c87d187e3e0f658702b,2385.0
5536c6409ca4c6d03ba8,1246.0
cff591add2624d166f4b,2134.0
babf403e6aad612e3c81,1030.0
d5b7c779f11bfd899040,2290.0
1054a7ed04d0679f3d21,1181.0
705b756c3ca0b1be4b89,898.0
b20a233bfcdd6963ef71,1610.0
ce428aae666fe20c0ee5,1236.0
ab9a62a9c426a05c4411,1339.0
107394ead0eb5b8accd8,1412.0
57eb2693a630607c6df0,1560.0
e4b69ed35aab65469839,2112.0
8fff82acdebb83c98cad,1419.0
ec964763e7553fe0baec,2120.0
9d9ec852fce4f9050923,2324.0
16e5ee861c5792c6d3f2,1161.0
c8d437183e2f50e97bef,2678.0
f72d20423f6c3060cbc6,1172.0
ee8c865a262851b14efa,1788.0
8640d6460f4b87bfe492,1319.0
cd22e3b03781c4b7efeb,1109.0
5f3f29bd55c95341d0d8,1055.0
966576e2aa8cc4e10e94,1386.0
0a071c3c8381322f0582,1237.0
e0355414bf76eb3d3cd3,1411.0
4ba8aab21fdceb53d899,1143.0
6afb5c16ad92d2070062,1278.0
97273abdb56119f7345c,1755.0
b028edf68ad877828b22,2035.0
263b99afffac7145785a,1903.0
2bd0de9f6a8e1aa3c562,1629.0
1efece1abc23622b09e7,1255.0
28036788a20cdc24d7d7,1385.0
f51035781c7fa9d38956,1453.0
5ebf65f55e9de456d1ab,1100.0
7a452b13a3be911755b3,2186.0
b0204d6293892689cc68,1728.0
abc03f93db12e19be920,1636.0
d31d2686eb5185054dd6,1192.0
4d384cca76358661ab19,1056.0
deb18c4768048c1a9dd7,1342.0
02aff0e078faaaead115,1689.0
3c128a72fb412b668d01,1826.0
a0538f31a32490151f1f,2065.0
445be790a24d4f3abf00,2135.0
d374e4a48d40738e667c,1642.0
78b354abfa2f58386d03,2120.0
3bf15ea7f3108dc8de79,3136.0
bf9cbbd56e15d4a56523,1615.0
5c5483b2ef714c24bc05,1310.0
c78da443266ae886d9c3,1177.0
b09133149de6a60881dd,2321.0
c53cf28c81faed068afa,1545.0
2203558bf66482d2b55d,2655.0
4f9aa5de2e5efe7d7ef4,2552.0
27edee29edb24997b4ac,1493.0
ce99a0cf548c12daebba,1544.0
0c3fbefa70c0863abfa2,1443.0
7efbf0c17621921c78ae,1962.0
256881d2ba9ff96de937,1078.0
cb54ed2e29c73bf58118,1732.0
dcd6766fede2b388a80e,1300.0
d1dd6d4e7bb39dd21e59,2492.0
2d65a510735981d6f569,1626.0
4a9a113495681801d602,2353.0
04b62be37978a80fa283,1591.0
8c881838452e3bf29d60,1314.0
4a124fae5cf63598a8f7,1559.0
02f2a1764959cc323382,1693.0
77d9b2614c78447958b4,1429.0
9900382aaed546ffb0f1,1246.0
3a2757779e0cff466f0f,970.0
6a11a76bbc03a0d59446,1094.0
84ac819b04ebdbe872ab,2057.0
d480d0a479357506459a,960.0
263ff0773be1bdfa31a0,1499.0
744278c296416e2e0fa2,2142.0
d1fcf57c6068a96d6343,1479.0
9ee8c4a42921dd40618f,1372.0
d2f1f8044482f40a73a7,1295.0
441e77747cbfe1c5d143,1533.0
7df8bdea412f695743e5,1219.0
0007ae89ef1b8d918cf8,1570.0
720aaccfec50c325b375,1187.0
e4c434a71da7ed879630,1383.0
b15a973b104ff8ab6e86,1226.0
f83bbd136bc43e66011b,1822.0
00a72c514c7f05d4ba2a,1098.0
19e3758348c760397800,1099.0
cea9bc48729c04eddfea,1610.0
113ff3ea3eb76eb1643b,1577.0
473a88482b4fb037b4a1,1191.0
8c2725a48b7073642be0,2447.0
f0b735d036d8992988c8,2080.0
75273a5a3a498b1d9fc3,1352.0
fd80bc8dc4950dc017f8,2174.0
29edc0bb5d7c81976e3b,1181.0
d9755f34bb365510fed7,2332.0
de17987a324c504c0f21,1641.0
eb62702bcfe6043a494c,1447.0
450b5569998304f2e89f,2103.0
d5b66db457a6983246bf,2381.0
8dd973fc4ab198573209,1415.0
dce1a0409c994997fab4,2364.0
c26bd78d7ffbf0c52d50,1277.0
e6bb4e61465a624c6e4e,1261.0
3d7314fad998fe729884,1035.0
4a51e0da7df73e7292fc,1415.0
1b2b334ae240d024ffa1,1212.0
83ffed72870387a081e8,1422.0
1ee9557d7258a6a3aee7,1175.0
ae479f7160e46930dfc4,1138.0
8ca2188c0b59fe2e8b9a,1820.0
32bd0df26845b1790f85,1930.0
042e8b18616a6b2db36c,1868.0
985dd69d531702c8b121,1979.0
991766eca6c287cd0f9c,1138.0
9ed20e14da14c361fb4b,1783.0
f90c94000ec8f5020122,1282.0
fcc3c1e165da0c339914,2471.0
6033c9a97048d07012c4,1565.0
c01a83d9d36b79a983d3,1390.0
c9f8f915e46b35c07ca7,2541.0
c8015a5c51c61b27f6fa,2083.0
5738399eb83634a66e76,1698.0
14a951088b74f0f42b45,1589.0
b5e8aa6d35857ec12976,1800.0
9b5cab002fdc14678f84,1268.0
0d168b5aae17da399cd0,1420.0
f16e8b99a39a799e44ce,1521.0
42336c6671c8ed63b73c,1864.0
aaba4dfa43ca68cf60c6,1251.0
bef3dff1e83263cbca90,2105.0
a9f403f5c8b6ca588488,1191.0
ba5472c5d83549dc566e,1436.0
0276ba9a0d1a90948344,1006.0
8db1a044a6a1a535cdf8,1459.0
a56eb8ed6b85776ad5d4,1637.0
35406c7c3891fbf96f2a,975.0
a236781f1c96276eac20,1322.0
5806a88631085d805ce4,2040.0
e9f96fac26cef23d36fb,1724.0
78c3c95362239b92f3d0,1416.0
eb94bb95a1ca8adf8cef,1651.0
2b18e1c4f90d1520e628,1020.0
5f9ef5aa5b682cf92cf3,1444.0
aff2938c3c4d5d172df7,2641.0
6626a8220dcd650976a5,2057.0
47d28dc85c0cc0243dd4,2169.0
659fd6d50e283f26b2b4,1752.0
185a7e90e7cac5956848,1715.0
3b5c3f75a7bb552e24c7,1757.0
5aa668a2a97ea1085160,1211.0
09a4c5b8a77f064d33b6,2304.0
7ceba37bdff71ad3808d,1498.0
09c29dfdf0b31d4c1968,2393.0
7afd5e201012699f7e78,1168.0
2217ba107905fc14c7e9,1290.0
c0dafbab5fa517636278,1846.0
d5b50bf6185e96b5ba7e,2602.0
50485168db6c3e9e7a62,1790.0
1818e648222c90b49f47,1913.0
9bc11d0d5e66dfbe5d78,2271.0
0085f347108209b6b981,1364.0
11f2fbc81ffd4fc1abe6,1685.0
b128a5fb7a3eb4781299,1380.0
16bd3dd8937a1040a105,1456.0
879bbd685d66eae3ef50,1064.0
29cfbeff466bbb3516df,2183.0
03efd56c2cd0d0007474,1297.0
4aa939cded67cb36bd34,1661.0
aa051e95e112f4978042,1801.0
b161de627e4cd9318165,1029.0
da336d4fc14ebb378534,1593.0
b618fd4379747fe45a78,1485.0
5aea80c9100ef8bb6b0b,2318.0
3afe4fceba5a92bd1cc5,1410.0
1d52edc9f6bfd2844794,1821.0
c6dd7de6b1b5fefdf7f4,1235.0
9f090b020de3fca45db2,1409.0
95ca4edf1097a8f07fc5,1048.0
dc661f902918c803cb7d,1073.0
101535290cfe5088ef06,1463.0
170cdfeb6425b5abf063,1785.0
9b1e25aa8dd1b615fbcd,2052.0
362feebc6efcc6259c63,1431.0
c7fed28ea8e6c86fe44e,1522.0
89332824fed60af1a811,1675.0
1f0ee1148d65e018f60a,1898.0
3caeb7071b2c4c0b93b8,2021.0
b0883fdb708a05996e55,1612.0
e6df43d98f71d5d7d101,1702.0
94a9925823f2820fd45f,1203.0
8b44be733bbc3cccca62,3426.0
9f7d43896ec34b5da663,2682.0
91fd36c6af44fa7eb22b,2055.0
191ce6076c343730ffd2,2430.0
75a5a89ee02a29b762ef,1535.0
4ee4fd03fee7176c1a7e,1657.0
449731cb5e8d214454c5,1159.0
03d952552b8feb83c1a3,1421.0
ac4efa6f245dd0c65056,1577.0
168a0bbe553fc63a24ea,1777.0
6177930d0bc94cae7c4e,1533.0
8eb393e65eaf9254f02a,2182.0
70dc094ec4943c7e504f,867.0
db65ad3fd833e66b526e,1694.0
bbda0ce752e22129208b,1258.0
4051959f18ac3711c78c,1177.0
d0c998d108a4b094ee11,3372.0
c13f82d8678cd9ae9161,2141.0
f828ab1c086d87c9c144,1892.0
cd39b42a234a203d6873,1144.0
6d4fbc5c71aca922461a,2059.0
149f351aa2812be0ae0e,2403.0
cbc30f133a7a8187403c,1459.0
aab73657dfd9b614a848,2377.0
3a5e4656901f41d4d6f4,2698.0
4b2b59833809d33c7575,1946.0
0944150ea701f16a20c4,1024.0
ef19492d93d0b5a4b5ed,2092.0
e71b3e9e8bb103a9e3d2,1539.0
7e547e0bd29b6d43602f,2064.0
1315817aa0a4bb88019a,1725.0
8362bb62019174e7f0db,1563.0
ffc83360a6b6e5677533,1398.0
0140c8cca5dc4c15179e,2875.0
11b8bdcc0689d9ce5eed,1643.0
3f965298b5f26859c995,1165.0
3828ad81ec3db0b9372e,1663.0
091a6bb9bca8654317d9,1359.0
f9a2b0698b07edf7a828,1565.0
49a080d43fbfb167aa3a,1600.0
6db6938dadfeeca949d0,3128.0
386c6767f201933d8784,1325.0
f0fa5654f7959b580640,3293.0
ea5d67ff41fbe424e0b4,1493.0
7309372664188178309b,1979.0
f216fd5b5fbc661c3cc5,1659.0
98a734248f08a4fe1ec6,1984.0
91a115b3a635e1b37153,1495.0
41ff6cfd08ade8aaa233,1127.0
2290c6eb6041f3cad519,1597.0
2abae636b93fdd3faa7c,1403.0
32af4a0ad9007e2faad3,1988.0
8a13c6bedcbb9d326648,1462.0
18774d60cc5aaa31ba0e,1708.0
ddc31572c636b936637c,2615.0
0b5ab862a1d5d0328415,1309.0
31dbd39944328eb09d76,2012.0
b495a2f4f40062e2b99e,2116.0
fee1f50fb3b249f132d9,1028.0
f41fec2ca6dd232f1706,1583.0
13a71f97db269c3cc27e,1229.0
0af394fad5b6b7cf7829,1302.0
1e4903dd247be9ab2fa7,1352.0
3f2430a9cb7166ea24d0,1599.0
546d06e72b019f28f382,1492.0
f94223b2466ec2965c6e,1387.0
bc6e4e505c92b66d0f94,1701.0
07f5033e2aeb9a36dbf4,1899.0
b2777a79afe5a0cb115f,1356.0
204390f6eac70d8d37b2,1168.0
3ab548a26327d19898d8,1123.0
da0d52319ec60826a71e,1294.0
2fcc8cdac40a61e5fca7,1735.0
693936b4c9860f7bb6e3,1909.0
52c93899ed66d0c16f98,1717.0
7c1dc785dffa3f42e708,857.0
cbfcb82a09330cc41bcc,1858.0
87233d9dddbe5550e9c7,2946.0
4077221fec731da04442,2088.0
901c46285bccbd3c6a2d,1443.0
c18aaec6e94d16bed715,1460.0
16411312af29802c4301,2441.0
a6f63fb93c6cf60e095f,1195.0
de9b3bf6e5d2fa6cce83,1378.0
c6087276fdfa4f8b3f98,1400.0
3ceebb58cebaf48caace,1365.0
72105d7b71e899f528b5,1677.0
baa30c22465cd98b2c52,1146.0
43da53702c71327bd56d,1418.0
e880d2a56924e594f56d,2086.0
56e075b59b8148cc64be,1697.0
82876493f9b188b6db33,1307.0
040093c1096ae9ca741d,1326.0
7ee6400fdb457dfc955b,1816.0
c40760fc5a40b8021408,1160.0
33dec20130da9b1d0068,1772.0
c1b9700631d5ddff533c,1606.0
e77da9c719cbf15c2269,1154.0
01d231edac7f645cef16,1809.0
2a713584acf2978704cc,1964.0
a3c94f8c5ae32b815a34,1970.0
3611621e009b18ab6f25,1885.0
792146c669bb066140d4,1462.0
692d15aec0ab01dccded,1280.0
888b743c51d40b7ce026,1273.0
f6a6d013da6f0a4f1a83,1757.0
d7acb063739aa8a41d98,1341.0
b31708829fd02eb8dbfe,1054.0
7d8961c399240c919b89,1835.0
fcf85105eda9aa27f3f2,2654.0
78171071950134efabec,1558.0
97dc9ce2fca5c6bf18e6,2162.0
76b20495b6a5f92600a9,1526.0
09b33dddccd5ab5c97e4,1443.0
1a21aa21739de815ea41,991.0
25cd033d577ea4d83ab6,1208.0
a4159e896e60db23ca89,1764.0
d64fae4bfecb3de7857b,2295.0
f65564f27ac0d44a9669,2866.0
ff75f0b93769e9d38111,2003.0
6b60a11a7706666fc24b,2548.0
78f2ff10f25e96515247,1704.0
455bfa3beb2e55778a10,2099.0
74e8ee237639c5c047f2,1921.0
168c52f6e3e454358a3c,1629.0
e9209af2833674ff0561,1180.0
a98b0bb6144763e65b69,1318.0
a2b423fdef060589aa6e,1278.0
195349ae5e1b1fa1f631,1819.0
b3aa6eb0176f2f3f5178,1938.0
7c3ea19a3b3de6831fc5,1431.0
1946f0db38613601a993,1335.0
1d3759cb660ff3d314d4,1749.0
73546281cdbed0dc9989,1521.0
c18ade3398717c196eab,1599.0
2473000451ea49b5baee,1455.0
592fcb42d4d771d81b80,1137.0
b0c0c335cb00ded0011e,1315.0
b0051d795ab7ad00d222,1530.0
ae6938e9a3daa8cb5a45,1125.0
75c6fae0abb0465a1ce1,1206.0
338199a73501eb4b38e1,2012.0
3e37d0743e7d6e1ecce7,1821.0
8de95151e7e5774c23ee,2471.0
41a1d339e2470e9b3d98,1885.0
dd5f729ebefc855bc7a1,1822.0
edfd66f429aa87fe92e9,2313.0
12827711ff08420fa664,1374.0
00579579f898756b8ba2,2459.0
b1ac229c719afb3c32cf,1347.0
a72f9fbb54324c2667c2,1696.0
68b40eeccb3780245700,2442.0
b438c28b8ef10e9509b0,1927.0
5c80d3edbf6f025559ea,1081.0
9e06b2b91ea62a7c1651,1186.0
03ac2f64731f1c6cbd1a,1097.0
43a277b593c4f1c223b4,1173.0
54bb3f55ec9215ddc015,2024.0
04731d31aa10173f5a6a,1288.0
156c954f3c5d496a9a2b,1896.0
1d23edcc912b30453f67,1695.0
51cd3528ce6971f1212b,1530.0
616f6a601a42cdf8dfe8,1719.0
cf489f29a3513ca41eab,1444.0
fac1407f00b06dfb831e,1992.0
2e0eacdfc9cea14d1cb9,1609.0
3b3a17c4b0d71426f185,1657.0
849ebc2239947dd30bc8,2307.0
85180c366746ab1165c0,1670.0
803fded94b0ce7ff6719,1349.0
753fccd97d6dbe86b23a,1181.0
1bceba11ef497ca33949,1920.0
e58ff3c8d9070169d1bb,2344.0
60ac56c4629ea494872b,1111.0
90e7196e4feb5717b786,1305.0
d0aa04fa8138ed704bdc,1481.0
fed94e8585756dbbc17f,1798.0
3bd3d1cccf746a8a1c2c,2154.0
b15c31515a047fd0293b,1683.0
e179da1f1d9962a793c9,1716.0
abe0e808bf473c170530,1419.0
483f0cf55b2e38616334,1506.0
0a2ce99c4a2635c9a72e,1202.0
c8190f07d5c5dd1b2a49,2125.0
265b9c90b2f40aa33b71,1517.0
17e417c2388ca6ea6ca1,1378.0
0296c1f072d35bedd211,1317.0
76359ddf066898523a10,1437.0
5a384b42b8d4f119973c,1360.0
fa41c87e7a188a57bfbc,1730.0
be6dbe7b35e44c6e50e1,1519.0
5cb7d5dcac276f6cbe24,1160.0
4e20407d0bf26dd84b39,1052.0
19215425a38e7b33426d,886.0
e37f562b6c9895994165,1079.0
ea58e46732bb73a84e7f,1966.0
491354d26767c5a9a9f2,2052.0
9d4bfd0859449a25cbee,2143.0
4e0b1a60ee0429c5fa16,1212.0
a451adda9dcf90d558c5,1947.0
8a08a313dd4792a164ee,1425.0
d1d88dafca9252635b50,1970.0
5a5995202060fd111ab1,1171.0
886f7302f0707af36ae4,1962.0
0a0513f46d9c9411eef5,1680.0
ad9b592e9eba3e8b8937,1257.0
e316033705bc74d72c18,1122.0
f77ab336230dd81243bc,1752.0
6e00c53603c2bc5a9f08,1138.0
cf8a583d7c0967203102,1153.0
edfe9b078b86319b77ae,1828.0
c7664593ee8eaf2e6358,1525.0
c319629466473af2ea94,1529.0
79d6247f9d6142c6a738,1095.0
64b9ea7faa6a65a44762,1715.0
4577a585e1f5eed298d8,1787.0
c369413b37c493444689,1595.0
5ccbc150e4b14cae4e6b,1203.0
8b37cbd83bf126c4cdb0,1925.0
1b998613412ded771e23,1028.0
442e62c5e776799f201d,1701.0
0333ec29ad7aaf6bece9,2325.0
743ee05d74cf18a4495d,1947.0
6bf0967af9b42335a748,2607.0
2fa9d41acf62e468f7a4,2134.0
bd1d72349677e274e9ce,1898.0
f1ea50537eb966c1bf48,1493.0
2ffbb9cd6beb3242cad2,1260.0
d61d0b7334a04cb438b8,1717.0
def2aa9caf9f0e42a161,2170.0
29035f17b2d9066872fb,1294.0
bec5b7811ea1655fa4df,1763.0
3b2779ae8215e4a970c5,1568.0
7bda7b768852089fc3ca,1475.0
b3de2094b5e2d8fbed6a,1123.0
f37bf55f6378d00547a3,1510.0
0282465d55ea23adb45f,1964.0
49364158240148912147,1185.0
54eeaa0ac9fb8c4c7f16,1716.0
e789d3c5d23d91670c15,1376.0
0fed8cc50999c8ffe279,1825.0
003fe698d8d69096d652,1734.0
d30c1d40e92c54509986,1848.0
8c81a15901d32c7dcedd,965.0
3670d98e9e5c2afc548b,1210.0
f1cf3c922e7318da09d7,1427.0
9d4e486e0598af3ab31d,1900.0
9ae91f7ae293bec51e92,1067.0
38ba97d2f91a349cb629,1226.0
5a4d77766b88464c1eed,1664.0
12e6b7fa465cef611d4c,1348.0
37a2ef904acac96cadea,1057.0
088a060043c5c9d81f99,1448.0
f56d0470b8ec7c04fbb9,1930.0
f3d79cc88474239ec119,1882.0
cad7509c6d1f89a36c63,1251.0
342f323ecc1f9c2b7833,2031.0
d077ddc940eb80d7e1d9,1738.0
c445e423651dfdfd25e0,1388.0
0057929535e6d3c8e150,1534.0
498ea63cdb9a4455b69f,1943.0
0f56cd68354f03d86bb9,1512.0
6b43a2ef6f2af9fb7374,868.0
b2d7628953a0447d07d0,1677.0
85782176485814865843,1248.0
54eebe246a7dd4b15fc1,983.0
b5d792adc68eec519a82,2103.0
eceecb9360fc6d74e06b,1263.0
665982bf6f3561d073c1,1181.0
5bf11ab26e43af3fe343,1487.0
6c5fc558a0019a3bac0a,1770.0
04ea7c99e20358f3a832,1327.0
22b5d387c48941f7a1ba,2921.0
54bd3ce1534e3185ee46,2098.0
5bc4639f6c44076c63ed,1118.0
75616e6277319826f900,1084.0
790c3a1e53f489fa9ca8,1082.0
71ded229a8c7ec218d56,1629.0
f83c9aee0b7ff6973f27,3094.0
ba5cfb9f550087246e03,1619.0
9db38097e8aca0e1d232,1298.0
ceb3a70076509b929297,1276.0
d62a7ecc7023fe8b1fa5,1725.0
6b1ef55048ab59a12898,1211.0
c8a090d4108c77c1ec9c,1223.0
b9496849912b91fb3de7,1351.0
4def0e70ba9b2a7531e7,1448.0
1e2705d4ba899e6b3d33,1055.0
0321c357d960b58c550b,1552.0
5f9b94083cddfab3fc87,2411.0
0f921f76d344d287c1e0,1695.0
6f2e1229db73bb1f72f7,1669.0
1bd91123c1be063ea139,1185.0
461df70430bf3c63624d,1324.0
ef38d05287a20245ba63,1413.0
30d8a6ed88b1489a9961,947.0
702913f667f0782757b0,1056.0
e5acbdb3051ee97c551b,1098.0
fd7df710e450ac3651ca,1874.0
51966cbc5ab40dd847ae,1860.0
4b678dbacd9095ba7bc3,1595.0
7760fdd446185386143b,1235.0
d99f9c0308b4215a971f,1431.0
ad91b7a7158f3f5e7c34,2087.0
ec0e5d5b3b4b87ee8c9b,1987.0
eecb456b697259382199,1392.0
f34645b480bc1a9be196,1791.0
2e526077f3d158cba856,1405.0
86f9eb57e10ff17b6b63,1409.0
08f4df68259f6d25e551,1905.0
e68d5058f3d1563610e6,1705.0
f236025461fd18f70b8d,1501.0
688b1df69c11786f0138,2199.0
b79434be33067570d6e1,1167.0
09550157b4e44c149d30,2352.0
c1158d7211f9b9b3ed5b,2173.0
7fce2e83fd4d88658283,1582.0
45a8affd6a4bdc62b41d,1666.0
3179b4172c5559bdf783,1585.0
70747ecc9e3bf30fe43c,1582.0
7bf7b697c67fb6753da8,1625.0
8e20abd1d516f7daa739,2053.0
227779b4e42a617cd79d,888.0
347fd7172a08870a3ea4,1819.0
4b11a532a25f55751ccf,1682.0
7b1d08ad6a59a1af5ba1,1881.0
df8afb97d0df5496f9d6,2090.0
9899a169fef4797848cc,1756.0
e212cf8bdca52e940d9a,1345.0
215c77424d3e3b645c78,1567.0
03024ec8ec2372870207,1726.0
a92a576b3bbe77b7687a,1554.0
19962bdfd1e525500083,2485.0
f390a1493834722d7467,1373.0
895784542a167ca39db4,1039.0
73de27f4103bb7742692,1676.0
88742e93ea8adfeba7fc,1370.0
7407609a15f98eb2e46d,1286.0
92aeb974968e771c70af,2260.0
b61b7591f15ca65e49b9,1397.0
65d2b5caa449b515e656,1725.0
25ef8b09b4f78a05b48c,953.0
e2bf78b1c0a2482fdb6a,1517.0
4cdbbfc31f1f1179c967,1057.0
7d112714b088a88e7419,1346.0
87ba3955f1cfb485a043,1070.0
9ce2479c1ad5dc4935dd,1620.0
7c4476589ef43d596211,1659.0
d4afa56e58bd82782cd7,1062.0
4bd11ab35aca4b064908,1565.0
80468933b56a47f9389d,2703.0
0c5fa923c50543e24fd7,1190.0
92ad0aabc92868391083,1394.0
1ceeb62d6801c7c72f76,1283.0
07f1642a26e951246be7,1361.0
563cfe4e5a9894c88ce6,2714.0
b8773faff1489b64aa39,2193.0
0eb9b4f798599c22a727,936.0
2bdff9009145e1ab51f5,2539.0
3036d618d973b5dc391d,1761.0
892a22741a2fe15f75f6,1870.0
520a3fde81410cfaf9b3,1798.0
cce023822ef4b99ef3f3,1563.0
fc3d05474f3035d73b5c,1536.0
bbb225f392aa13a6b34e,1210.0
b859fc62c4f770059ed8,1804.0
7d5a003d558def416a7f,3424.0
414c3540aa8e7aeb4a70,1482.0
00ef4a2a5ac4839b1f37,993.0
c6f7db6008df3e65ebe0,2242.0
08f3ef154af68cae841b,1285.0
efdfc67c3b235610cf77,989.0
cd2120e47a1f14f7af86,2053.0
bd8b7cf98c53958f9cfc,1695.0
e681afa71fb8366a13c4,2061.0
d3008598ad2830bb951e,2388.0
00d1d502874dc58d2f7f,1541.0
a1c55a34e6cbfe2308e5,1309.0
9b589a6d2923cc20344f,3526.0
63083e0c67991c7038b1,1030.0
9e83a5b30b1ad798fff6,1516.0
df98aad2bbc9272d1fae,1565.0
b1427f1fb3d69e7d8220,1895.0
8d8a4e4d7ed52dd4512b,1951.0
590d63f01595da99ed5e,1750.0
17d6edf68e484a606a72,1493.0
bb203abd12ed50df46eb,1493.0
938d7d5c89a72c45254b,1422.0
28ff7de0c286e2645fd9,1134.0
7b86f9b3b524bf5d9a12,1863.0
0e06faefc384e0946b8c,2259.0
110df0843caf429e0613,2303.0
27d60c7654daa4d33e01,1602.0
42a16804c9daf8068fe0,1603.0
bd31eb68694bda5e5b6a,1463.0
088064239c17c9d9d6ee,2010.0
1818f8bf8f17259fb1e4,2088.0
8061985145a0303dd428,1095.0
ec4463d069a5c6e5c6e7,1763.0
af52fa0fcf40a856fe5f,1032.0
b6da1ab3066f72493991,1889.0
f5dca9042d87ea65b8ed,2491.0
70333c91d6c6881ae07f,1502.0
2dbe2c80f42c5fe5a116,1086.0
ca41bb3fdf2e2e56851a,1767.0
f7f0d4fd4e819d2f6b87,1770.0
1664d0d32b775430516e,1695.0
3b71510596ee6703c80c,1841.0
43d109e3c53048b31609,1684.0
0ad0395dfa79e4389085,1388.0
fcbdd83f8fb24ccccc7b,1770.0
8f859d85bca21a1c5b6e,2028.0
9324ae8dd4b98e6e9776,2455.0
29325f1110ffd981d6b1,903.0
954469947ed128cf4d99,1868.0
dd31ce72a9c0355d784a,1238.0
ebbb873fd8c5ee528de1,1190.0
03ffc3977638ff0ebdb0,1220.0
82c2335b64aeb11c5c80,1945.0
d864b27bad51fac0cc26,1802.0
895c70133783800caa93,1788.0
422cd5756031ef348895,1952.0
4e263ba53e0837660372,1131.0
8f1cea1db36c8b2484c8,1517.0
8d296946311d75d13ff3,1741.0
3f96a56bf6b0c2a342b4,1017.0
da795cad8b2acdfc6275,2190.0
edac593dbfdcada5990a,916.0
542fda989acd00c1b621,1600.0
b37f5f980bbd637fe4b6,1162.0
be588865e19806b4aa10,1076.0
c35be88d5a3e603e2586,1221.0
29d27390fc31135edf35,2770.0
5d8957fcb8e772c5dbdc,1331.0
e26fe484ec9326c76542,1174.0
994d62e9f68b6ea287f0,1239.0
bfd60a9f0ed678298bf4,1007.0
47dcc9abf2502214a1c5,1793.0
acf3c574f22c8b80c505,1143.0
b4f31c461cbd132f6806,2305.0
eb9427d33e827afd35bd,2230.0
5cdb6b2fb1538689d203,1142.0
3dd60fdcad8cebb4b5fb,2100.0
fc9d6062e616715122f6,1769.0
3f2f5abd01a32a2d9693,1827.0
04786bfb9895a433b604,1711.0
f26db0f39bc7565951d8,1882.0
37dfbd5ce7090b7ddc0d,1045.0
4350fe3daa46ef7cd690,1402.0
c0ac246c2ec9e83c6ffa,1480.0
b09819d308024416eff1,2746.0
3234e26ed81a550cbdfe,2247.0
d575806a2c14ee7dd531,1299.0
99b55e66f2687391b83d,1941.0
d9642771baefe515e8db,1235.0
eb1d8a15c169bd86c5ed,1803.0
7facc5ae269b1f1f37d2,1434.0
eee4f50f077ff5a837a7,1708.0
1714ee1cbd5a888a35cb,1110.0
b444bc6436ae6b146437,1856.0
7371d59bceb362047c5d,2153.0
138f1243b861e12b312d,1621.0
7fdf43630fcf1762f748,1882.0
03a9354fe14473feee91,1431.0
511c80e7f4d7a633ba4e,1816.0
d66bca0ef4516450acdc,2291.0
92357608763fd42abe21,2308.0
f5ae4e3b5335c5df327a,991.0
dd29c5a3e1effde40def,1403.0
70ea4ff61f56e6b83a18,1934.0
8e8f0112c0e3016fd997,2781.0
80fe2ef7ced8078116d4,1480.0
0465ec71ff083fac85e0,1947.0
bd8ba13bd43cc667d856,1399.0
7946c22edfe231361662,1820.0
cda4ed878a754bfc7fa6,2177.0
040024e407069c17496e,2112.0
a6f6cfca5f8842c78d0d,1500.0
d7497af21f4338a2f0b6,981.0
48bff56ea13115170fbd,924.0
950291ea66492706ac2d,1421.0
3f7b6e4481ca6db5eaaf,1428.0
816721c7ad3fc74bcbfb,2003.0
46a85f5a442790c83998,1269.0
79a51a311797c74f8ae4,1162.0
23f5febdfc42a9efa836,2555.0
2719cb38097040e97566,2520.0
053cb71e276933fec6a0,1435.0
5ae7f13d23f985f03496,1310.0
19790dd6a4acdc50dff5,2011.0
08ca6a1174171645ca69,2107.0
740d36ce70dc96ba2476,1282.0
e74f9c8470e384e1c192,1050.0
611b040f453e8070dde4,1291.0
d4e50a7ec120a681af8e,3183.0
c579150c5be4264bcf41,2067.0
523ecb47cc1d60a0dab9,3299.0
daf6d89818c1cd36f56f,1608.0
928202f4aa0e0dbfbf9f,1570.0
cbb8010439f8429686ab,3128.0
544edca20a8bbbeb8202,1625.0
7c0fa1b350050d3a2edd,1276.0
9474ea3376fafb2d3df8,2179.0
8496947be79580790230,1418.0
a0dd187c5d6efdb15120,1309.0
900b59bfa97962f11a2e,1452.0
cbff539987d82cbb1c60,2270.0
fdd75209a81c6dabe93a,2258.0
c8017400a30e15ec386c,1554.0
7ca0e2142c0e3fee6021,1211.0
2b88c23c928649db207f,1215.0
9b385756c7097c017068,1625.0
5c063f6602ded2de8211,2282.0
774bd2a9061c5934f066,1677.0
b0f95c1c922c1a2d2129,1431.0
ac3adf147c5413391ace,859.0
f42a5bb514c4bdbeb6fc,1220.0
98d7e06b532c0076a6b7,1759.0
5cd32430bc8a17abebfb,1517.0
30871eefd82dc72376f6,1367.0
50313d0aff624858f8d6,2452.0
5c18ce0bb8c449210ce7,1571.0
f04184108bf7df93ef62,2013.0
606ac0d21461d4e46129,2172.0
42959c59bd6a99c150fd,1839.0
7793209d9f4aaec07b10,1390.0
5b4cf2645736d990b323,1360.0
793aaaee02f4a18f9d76,2020.0
ffcd3aa64dc6d92dadf0,1042.0
aca3c108f6dfc5114814,2607.0
2b3071628dbd724fac84,2926.0
d78bc0973f4b34a1252c,1570.0
8a2e6443d3aa6007c947,1547.0
1e96bf2b0bf3a555d84d,1400.0
c513354c3fe23e0cb10b,932.0
8f468e5aaf5f06613317,3086.0
e493f33b18fc22b15c4f,1228.0
74fd9c3785eee5b68982,1396.0
4312931ef20a4514691d,1266.0
dd88043f7a32cf32476e,1923.0
ce134d7516cc4a2ee3b3,1588.0
3ba819e7dec3c80e9961,1468.0
c7c07489990fbfd693fa,1437.0
8ace99807cf98c61dfa6,2060.0
acef4e124b7913210be0,3065.0
357095021b5acef9231d,2736.0
838c6efe714ca1a45b41,1074.0
02dd625122c840433d0c,2876.0
54a728b828fa2e7ec4c7,1675.0
ef33403ede33650ae9c3,993.0
a5e837f8b6017c929828,1661.0
b7fb487ef3333d5f7366,1471.0
04295756126c16000085,1391.0
e6571227d2c0f7f4132b,1351.0
5183519c1e121251be70,1327.0
4b981f65c520a9759664,2490.0
f4b50461da8969eb1f5e,1388.0
c169124d292cab7820de,1987.0
2f279b6d7cb37c0fce71,1256.0
1b961385ec4b64987483,1379.0
9464802cabb7c1a2a4d0,2231.0
363481fe819681456185,2474.0
9d4fe58b08482769a810,1213.0
3fb286076c4ad8b246b4,2248.0
deda36c43b2e8e764f39,1153.0
273827892e038a113b62,1086.0
9d89b89f6bb17b2cbb38,1289.0
46e954b7aadb92262ac4,1360.0
1ccfb4b36b016a2c1cda,1875.0
aa7dbffc7fb3154468fa,2993.0
428e47513c477ea42ef9,1666.0
3fa8690d88871eb079ed,1753.0
06296560bff2e13a2d8c,1071.0
11f3af7a4d5898706257,1793.0
e8320bd8772053e1fbe6,926.0
3f7b9e3e9840aa754e1c,1942.0
d78f3cb2882d414e245f,1676.0
5721402df04766a49a92,1620.0
dd7a5338f149b4e82137,1824.0
685e8a692ff7a8aade4c,1412.0
be4e11e96e9fa4d6fd7e,2431.0
2088efbd0f56f8e7bfe6,2600.0
caa07d945a48f6c9a2fb,1597.0
d736d2ce4ce5bc10b25c,1387.0
db5a7e27031aa677bafa,1751.0
8a46ca2541b27f9ef321,2192.0
dbfced8cd66183779b73,1774.0
9dafd9a00b71e7305698,1093.0
970c81b6d1fec74be735,1355.0
f764917050da71a24369,1534.0
7dd11048a685834e1fcb,1552.0
80943cb99775c7a47041,1938.0
7f09dfaddd0a0c44677c,2743.0
03e992cb170ec98948d5,969.0
da2c2922fa4a5f8eda61,1537.0
05ee674f4adbf2398ebd,1504.0
0e0f6d22c65f2cbdab9b,1601.0
e87d395ede6ddd29abfc,1906.0
7a4ae88d649e5bbfd992,2522.0
bd3d4111b490dfeb25c4,1225.0
9ade3181e3f71a80b5c2,1434.0
9f51955744801949695e,1103.0
857bd6563897949c6e2a,1543.0
2acd960b012b28b18be5,1074.0
6cc88653b8f7d3c5c761,1134.0
586a233d7ceb44efec1d,1940.0
d164323f530618e0a6c1,1574.0
bf0e9e049d7d109e9f13,1053.0
9a16eb6562681ded6069,1414.0
bdcd2848ef8dafe3d167,2125.0
b3350b2adb860d45f537,1437.0
5e958a365fb872c0ad40,1889.0
1904175cad328d0be107,1572.0
12b50a5a05328fefbe0b,1667.0
d5825c5f4789b7c107a6,2015.0
6bd64258e4c1c2e893a5,989.0
174745f1924383af6091,1671.0
21e8f645c03f23f71550,1241.0
5aa26eaeee646b96bfcc,1686.0
1583f840242483a0cfc6,1002.0
daebec5961fe18b2dcb1,1340.0
0150ff9f29d2d9ab67e6,1789.0
c9a2e6ed4992e541e114,1687.0
b81731cd6fe33247f0bf,1651.0
ac37be310cb433221d95,1220.0
325a50c32d8a9a6f4ba9,1398.0
2294eb373c1459ea6a16,1314.0
78d722c67e2994749e72,970.0
779416a76a9f6439308a,1172.0
f31e4ca3071b0f25dd4d,959.0
f750d7a6d1e2a0f9ecb5,1170.0
01802cdf3c96d37435f3,1306.0
d3c95bc9ca1824984d62,2125.0
d57dcf3a1373cc00be9f,1928.0
375ade2a26e9962aa5d6,1542.0
d6fe11db5271dfda25f9,2547.0
2d34c2ef0c74561e5037,1942.0
f645fc648db8016e6d7d,986.0
1d160e77a86c504a355f,1643.0
2d470d12c03de979af35,1559.0
84fe80ca98371310ead7,1766.0
06e2165e3ef79ac8a4e8,1817.0
099213710477aac82593,948.0
12ec274f81bd864d05e7,1400.0
5a724ac67aee9f53d4b8,1042.0
fc218d565c0a748a989c,1088.0
a4cebc8535be12ffcf47,1282.0
a57bd764b599cfd671f8,3453.0
ff93dc4c149a8772a5a3,954.0
ed3f6cf32cd754abdbb4,1148.0
d0ab2efa40c76bbf9caa,1566.0
50f8454819163dda5090,1362.0
6a409614a55790b98eb1,1716.0
7efd9206aecb89e17fb7,1725.0
7b2ebbb29273dc90bf14,1257.0
40b2c9fb0a189d46c696,1860.0
809a538068717e64d667,1544.0
3a5e812a7710b766c12f,1797.0
11bf8273bc365d570b43,2095.0
ab12f3f97792d7f1fc57,2038.0
558254107cde4b3720a2,1829.0
d7b2f0943264098b5c49,911.0
769d63462364b99b6da8,2097.0
15161e97e54ef3e20de8,2293.0
dbfbfdc2f972055bd4b5,1573.0
b74ebb3faf77a41c8591,1489.0
fc49cf80a8583d14e865,1514.0
0b4414525f6a2c33ba46,1453.0
347f95c3c5c8589e9a7c,1609.0
de15fd9377851b559898,1351.0
7d46456a8d52942219c7,1392.0
8a288ccd1ea431e82243,1817.0
e2b602a1e49062a46041,1656.0
612134ac98e1df99e438,982.0
70f93caa034f64064369,2068.0
58bfa70ed07dbb4648df,1294.0
6622df3af65f852dd665,1113.0
b146a9e6dc9568202da2,1850.0
7ccca78168afbd8f1c92,1285.0
9e508c7619a004a01b63,1854.0
846b0095cbfcf83c12d6,1246.0
bb4ff9c1427a73fc053d,1294.0
e93b9ebaa365db26499f,1642.0
339d1e3f5cdffcaae135,1814.0
9a806adb6296f11a3a5d,976.0
22bb0d53f342a553200e,1305.0
e47665b086f52f324de9,2102.0
ac16f3a4eb54f9ebb863,1300.0
1c7a113524f9754059e4,1439.0
b740f6ba655fa4c96e55,1400.0
34c52b39bb5cc340d0d6,1723.0
46df68752c0c16620a09,1583.0
4a2fa187dac4fb02abca,1775.0
5d50441c3c4306b7f618,1221.0
5f370feaa52b85f993b3,1860.0
0c32b6f7b14f8f00baf0,1690.0
226181ccaa05677951be,1905.0
ff862d9d28385012aecc,1356.0
87b4e63605e70f72fb8c,1179.0
79f09a15ba96eac30f96,2038.0
743215b267bd845dd2ab,1220.0
6c30504ca66d298c6c97,1111.0
1163807be3568187b288,1699.0
a300c2729fcea3743ead,1283.0
68b3c5a45e234797e270,874.0
9780b187a966a5a4f7a4,1632.0
f790e76b3b1c0b1979ad,1475.0
b752fdd8a7caa477721a,1195.0
2100e5c81a6acb6e8c1e,1308.0
d872dfd89681a92020ab,1928.0
101535809ba94581b707,1144.0
b46b96773aed078a49b6,1098.0
5118ea7569d388953f71,1274.0
f41efeb05ab4fb6d7a4a,1222.0
def829b2b8a65db3bf03,1649.0
781a6f32999440c889b2,2172.0
650fdb7aa9ddc96f43d5,1543.0
3703d4329ea08d3230b1,1062.0
3167d3d247b1ba2a2019,1310.0
d7883bef4c99016e3182,1388.0
47d12cf341f5f2e6940d,1125.0
f07a523dc88d402334c4,1877.0
f0b06be735c7700987c5,3202.0
dc6bc03a0af2ce927005,1324.0
de2253b1681d7194a2f4,1371.0
27b526f5168b94f758b7,1680.0
743567a4badb91692f5a,1098.0
642eb680ee6926f630cb,1735.0
ccf1021a03497fcf8479,1152.0
6eef917702d7ba8fa2ae,1365.0
143742e44c1a734d7f02,1065.0
8c8605da5b894c7cf902,1789.0
bebf827a9c1fd03a8d5e,1105.0
50f23ddd3377b379aaf2,1189.0
538db9e8c693ad429e69,1648.0
ec73043ee22ba38ea14d,1113.0
4d18390a753eb0405bf7,1528.0
66edea9fca001ec993b7,1603.0
53d38da9fbf89d5c1f49,1255.0
0aead34e2058abf1c53e,1332.0
faeaefe21120be3f7309,2080.0
8e6a4f8b1ea20629287d,1455.0
ea5dc4ca7ce13aa0ec43,996.0
75d04b81a246a53ecf51,2509.0
b645cb4914b64a781ef0,2344.0
3b86b58b4d792cd2484a,2370.0
ab2095ce9f18daedf13a,1202.0
24c2af80619341061af1,3244.0
b49029a3e4ca8f9f9f44,2068.0
54ffcc0212b391432538,3233.0
2540afe73c44f2916e6a,1539.0
06381101b3643e2d5d1c,1993.0
e545204924119b3cff7c,2946.0
3073bc61c6a66af2cd24,1707.0
49c02af1713cfe4fd448,2126.0
b1d8a53178171134b976,1554.0
be3b67355fc382d26bb2,1321.0
fbdd821807d922b99e15,1332.0
ed8444d3b17879ae4b19,1135.0
a3d15841ebb72c72f602,1023.0
ba8161b5b3b33811a70f,1886.0
90c98829e6a619dd8416,1538.0
a84744620bbca8528d7c,1578.0
ce825cc4a7358b28315b,1304.0
3c536d8b047bc0212753,1494.0
66f8c6ab98e3df4fdb28,1340.0
760f2783d5df306e5827,2373.0
1f45b472bad17cc34633,1599.0
be7e5399311bc770cdcc,2383.0
ba5590529508bade261a,1375.0
b70794423ff30b5d007f,1633.0
7833fbe440aacd61e877,1437.0
6b35f6128d2e96fd1f4a,1836.0
db30366bdf6139728b11,1069.0
af4056b9ee5daf60c25b,2020.0
83a3f23b206042069641,1288.0
9eca603bbe530ffc0a31,2285.0
1c877be74214cbb20d44,1462.0
6fb1382f99fb573e173a,941.0
32f5074de3ad13f45d88,1381.0
e7c9f62946a50ccc68c6,1660.0
670ac8f28a89d51a8fcb,2385.0
f467a50b1e2949e16358,2749.0
730d5f3723f608316d51,1381.0
a3a9581f3cf966245acc,2356.0
46601f5b91203ca83ff6,1566.0
1fbaf288ae555a6fe37b,1392.0
4eb02991431b78cde9b6,1146.0
7cf1965b75db5afbc062,1057.0
37293336808bc9dbb92f,1644.0
cc77511549581a6c3ba1,1860.0
4fdf47b581a5fee7f5dc,1117.0
1e1a0c3edba6d2505396,2149.0
0e39009e52af7ba9763f,1732.0
f8629477533a8d83bf66,1701.0
ea9c972f6314a6427db1,2709.0
85b3b1e24867645436b8,1032.0
c8b07e6a7807c7303731,2322.0
66a7ebf87b045df12af6,1903.0
b4e292df8c2b7f02f019,1979.0
a4e77468042b1d3af71d,1426.0
1e800f2d6ed84402673d,1640.0
8ee2f94ceecccaba4f3c,1047.0
410d05a4f2287439a495,1696.0
75afbffe1142cd8cf6c4,3500.0
b8b6172d5e4c9565309f,1025.0
0945cd8e875e9059aae1,2481.0
ccef470eb3054d9d4834,1828.0
8f357b8dd00f96d4b737,1363.0
0990106df7509ceb39eb,1243.0
25cd763cc8f33a9c9738,1394.0
d3f2def1430fb08fcd34,1212.0
a98a6292e42c679ee87f,1808.0
a3c87199183f1668f08d,1266.0
be8ccbdf2f435b3c7679,2482.0
077480721e75a9a76f96,1571.0
a96ade3bb18773fc9400,1159.0
6d58af81d1d745253694,1037.0
27f7e57b5b523350212b,916.0
0c04e589d0c44ca4a50e,2330.0
c782136c86be6c547d48,901.0
f272fd65ecea3dad593b,1265.0
42f48c6c4a48d309b71d,1678.0
732b6653a5e2fc72c90b,2109.0
c4c278e6c93f4ad27573,1291.0
88b705987fe5718b2715,1201.0
a8af1df673c2d87aed73,1269.0
06c5cdd2f23a1d189fc4,1549.0
22039567f3859d6ee7b9,1848.0
ae6f3fe012704c3467a6,2053.0
f4e3921733d9d33e783e,1368.0
d1ddf96e28e7dbaaf123,1151.0
429222180a0eff0afae6,2868.0
9e4e894ceab43fbde887,1627.0
b1f02f460915a638d82d,1223.0
c44a15700e64fca90364,1690.0
07ccd628deecff639389,1454.0
954e33d16947ddb07233,938.0
1a6a23ba5f9f5eb3074d,1077.0
13c1f37f12a1c074c4c2,1358.0
f83a8134a3b3340223f3,1343.0
fba94713c703f1dc730c,3866.0
04f603bd1fb7f8c8cda7,1730.0
f06ae08263479df9e217,2567.0
c79d286a57f5e8890f3c,1060.0
14bb9621f89f034a1cc0,1675.0
7934f239e4b02a804a35,1482.0
290f09187089b6b2bc40,1349.0
b236d77a1ad84388fbde,3190.0
70a24a0a31ae1c0897c4,1739.0
09f7a514fb27d40039b7,1618.0
cf30dbe5bcd22d4e3240,2268.0
23680ab3bcfc700d3597,1343.0
ff0a0da9b801d20e5087,1241.0
9fd0f0838a5e8c002a7f,2501.0
b3b41eb5bdda9b95cf1c,1853.0
b7003660a8269d67fb74,1837.0
98437952ede85ce17178,1210.0
1e3ab064ae7fe96e88aa,1495.0
9ae256d4e142f0278bec,1185.0
dc0b42e25fb6003a7c48,1198.0
4e1eaf05178a946cc680,1418.0
d6a61f6288b59230ff71,2351.0
bb9a5e47c1da8f79bc5a,1282.0
1b3c1d41849f7f3c2d36,1533.0
114a31e422075913c0c2,1923.0
22fa0873d18a5c268c48,1461.0
b76486ab53616e2e060a,1450.0
cb17b58bdf02dbe4ea10,1981.0
e334b34f1bd40c8330f5,977.0
e7830422d3f33ba8e825,1811.0
e37f8ef8e43de2230ee2,1416.0
c354443e65f166c2eb18,1005.0
3c851126072fecab551e,1562.0
efd384754c0bbf1eab28,1492.0
5e6fea55391836032341,1731.0
e6fb126801c93bcbf9d8,1101.0
4ceef72016f2a70a20ef,2119.0
0ecaa5ef5741573903b3,1082.0
a211f0ba0e94799c12bd,1597.0
cae46b397922a5a2de7e,1519.0
27394af288da4ed8aa0f,1825.0
bbece0476cd2a5f58c63,2270.0
85aad02b9e02292fd59d,2646.0
3b832d1de8da15ba3424,1485.0
4e21f518ea6b70c66cda,1186.0
056008cdaa586cb249bb,1606.0
84c193d3c9a06590d395,1606.0
5a4099cbfc2d229de88f,1033.0
0ac965a2f04903d58357,2467.0
757d29af8a11583ef749,1474.0
4619e63ee2633d54fcbf,1553.0
c1fc350ac4f20ddd8bd1,1331.0
876dd7cfd0829b398cea,2594.0
6461ce66c4739495aaa7,2165.0
7f5921e3ee473e311628,1966.0
2c7ac54f1bbaa2a75f13,1078.0
e9bce1beb8122bf17b54,2079.0
ac8ba49d2b1de04456d6,1284.0
d885bc898555b10528ea,1750.0
e9ed8e8a3767cd6395e3,1411.0
54d7acd4a3ab67cbf0a1,1133.0
16c559e5fca03384ff2e,1238.0
e1a9c68186268b71bcf8,1970.0
91b33152224fdf197957,1921.0
897afbc634fdcdbfb3eb,1252.0
d8a6d28f5181033eb86c,1364.0
e498aa0f46fa26f162b3,2302.0
53ed1babf18215b4a234,1643.0
c713369af664a15a81d6,1470.0
64077b3d45f1546db959,2603.0
7791c07118492d1d141d,1112.0
02540aaa5c7e1d5314b9,1381.0
09b0238398ef552b814b,1761.0
6deddf95706de8da46dd,1946.0
af6c2ef5f265783ea603,1942.0
bc01b69d63940d69b49b,1652.0
b19a4b608b22d736e467,1466.0
915b4fb85ae23f64e7bb,1572.0
9bbe239df6e3d0896872,1498.0
388903e2e9cd58819f7a,1438.0
2f9907727d86506631d5,1450.0
709fd49ea22558fbb397,1721.0
e38370d04fa96bcf68ae,1270.0
dd00a12ff1c6529a9ddb,1236.0
fe17015e7a3d747373be,1242.0
e252ba4dbd8b1e68447b,1762.0
c8e1d5f5365c76e7a9d7,2197.0
6fb6e2a4259dccad3398,1895.0
c18fc3a606ccaeb7e45b,1299.0
0c956961d37036bbad41,1075.0
c20cb71231eee0443114,1416.0
ba56967bf91f16d741e3,1509.0
ef671d68e0c9387b3560,3810.0
b21f5881fa1c19c3d245,1081.0
4798bcc23f94584951b6,1271.0
09b485ddf74bb39e015d,1229.0
8aba4d77bb272d7258cb,1990.0
eb77f3f1384987eff336,1419.0
b0131b382888e26ccebb,2520.0
be9e57b2fbe9835dcae2,1509.0
0b272c40ddb1fee51713,1110.0
5c75fcbfbee523e4a734,1290.0
32873863a8c0f6d39abd,1733.0
15f4bd6ce0577a1d53ce,1729.0
a2b566cae97401cc38f1,2152.0
e90712c71f2eac3398ef,1537.0
3fb2b1722933dd04a609,1086.0
897122bcb3d439c90110,1673.0
d5f69bd12105bbbbc4c7,1516.0
2b7b60d15cfd030a1765,1604.0
79bbe06023287a35cccc,1528.0
6376367c4e6aeddffd85,1052.0
c5aaee9f16e21520bce4,1837.0
e2d42bd8a9274011073d,1393.0
82642c1f48b00d113012,1921.0
2bd7a0f2d71295cc62b2,2486.0
19a8659c8fd463d4cc04,2063.0
5754165a022275b03fd8,1267.0
a0c35b9bdc0c533f5386,1128.0
92fcfde22071caeb4e39,1448.0
45d8ed3b98c3bb74e638,971.0
d7ff201b3071318d6a95,1943.0
50731e227dcae17e17a1,1329.0
ed3b98b1262b296fac9a,1935.0
721b30f8b49cddc1a616,1892.0
2edb8e0af2da31c06f4b,1807.0
917445dee73654e36d98,1958.0
f8818048c04cc6c9a677,1654.0
d98601e7bdca02efdde8,1754.0
00700a1d01dd6b7a29e6,2700.0
90b758741e89904338ef,2203.0
89757f20a0ae35cabc4f,1221.0
dc4ef20ae290c1b5be8d,1539.0
97bbae65e329277c570d,1299.0
d2f7e45d476cb56bcf49,1461.0
bf21bd295dc8860c24c4,2511.0
3c3daa86489147ed6de2,1577.0
aaa4c2093b3c0b50ac9d,1626.0
17e04aacc47e198cac53,1856.0
fc4e6ed47688a3ad8c81,2264.0
a86f2bb2be67dd9a35fd,2026.0
81b084ece2771019e833,1352.0
2d129708b40eb6031c1e,1519.0
62bd1e442e84daa85439,1662.0
34080aeaa886788180c4,2222.0
196725fce2508750f5f7,1620.0
189194bf63a8aee1463e,1669.0
b5511cda128dc9b44fb4,1170.0
3887cf0282f659aaa8d9,1283.0
fce12903462f0effb6b4,2034.0
3f2a208d34a35272e88c,1508.0
146e78ba0916fa11249b,1111.0
67a555a2cfa129ec9ce7,2406.0
0224db0f34ee13b0c024,1556.0
1592b94d3f02a8c99b2e,2777.0
658d493cb44a582737a6,1796.0
09f1b9dea7030f96367e,1276.0
840536eb5e6b23fe0710,1593.0
b12422995d1ea47684a3,928.0
181bd4f1a73db8ddffac,1503.0
76daceb402adb57c12a0,2632.0
b9048803ebf899c1290b,1071.0
7d6088369da671e01926,1405.0
5bdec2d8f566ff6b648d,1967.0
55e4980bc56025c3ecbe,1237.0
53c4f62870b71878521c,1423.0
b3560d0e5c1aac8725be,1460.0
a83085c8fde1a7f2c702,1752.0
f0ba4b251dcf5f253d45,1132.0
2059190960198faea25c,2831.0
4c2f9fcdc32723cd8367,1418.0
2f6373e2b17861d86912,1424.0
77bc8e93a8e87e22b8fb,2013.0
94436466b28edde1ad09,1964.0
ef4b67a28074d665d81a,1744.0
2f875aa17cd7f28e1fe3,1067.0
2973c0d51264338cbfb5,1140.0
818bcf6d315974d056c1,1835.0
6ffe90f667b1bf59a6cd,1183.0
95ec3dad22e14b78c7aa,2545.0
4ef56e8f766ade047f70,1185.0
e55624c9584d562fb3c0,1604.0
1ebba4936f44701cf5b2,1445.0
e99297c2a8e176a5c871,1369.0
420829fc768c8626625c,1856.0
3da30e70627c0e1202b3,1888.0
311314a2801c38b4c53b,1523.0
fbfd44d4ed0519c8cbce,1738.0
18c0d4e0b063440b2026,1054.0
a3aade5ca700642d992e,988.0
6081b58dc4a7b3635618,1752.0
4413693f96c946dbe336,1736.0
f5b23c42a6fdee916210,1195.0
4b744ff0c0ee20221e28,1021.0
fa9ef9ab61f5fa75d1a3,1343.0
6cddf9883506a8af115a,1264.0
2c84d40e40ef6badec69,2001.0
76ca98514f5195a209f3,1161.0
46f9c8ee31f4ba587ee6,1694.0
3c29dc4d62c109f008b8,1395.0
0d046725c8468ec3818f,1271.0
1c56877e45c3f80bfcf4,1917.0
f449ec8aef5874b73e99,1588.0
e2f6df7b6f6eda84a0dd,2331.0
06476c0daf40f1cdff3d,1536.0
07ba6f2ec816c46a56d6,1646.0
134bdd782b29799fece0,1124.0
cb9e0d34d057ebf51af7,1213.0
f2f88bd59ee79e78b896,954.0
4c8f45d710eda234c3db,2134.0
29edca0986c97e589965,2952.0
58799484176ae2fb2787,2548.0
41da3801d18634121e05,918.0
eee304357f405fc76a9d,1132.0
8534ab1d26a0ce83c8df,1356.0
2038fe77ff352b5fcfda,1766.0
9caf6b6b5a41359743e9,1836.0
59e01d817d0116867770,1261.0
0f519b3b80ad536f0bb3,918.0
db8a09c4035cb6b9583d,1255.0
6cb52f606091ceb03876,1790.0
59302478a5fe07657e9e,2395.0
3aed026ec830d5e1e903,2001.0
df0f2245e70593c814f1,2929.0
bfeab4088d9417aaac9e,1905.0
dfec8878f67e37d78274,1512.0
58aac0c8fcc53d0c1c72,1159.0
69a19b75b9283c7c3867,1145.0
2bcf2faeb4d72120c98d,1802.0
e49fff0698f9e3dea47c,1431.0
65b54935b39b1adefa7b,2078.0
ca3b62c399eb0acf0153,1582.0
35ded8c465464320768f,1392.0
3de64f332085374d2b4b,1818.0
813f6a2efd21614ea5a8,1634.0
7e40935d5b46d297dde5,1585.0
cca2fd25fbe711226cc9,2336.0
6adbd4c965f265827915,2825.0
69bd3928d0d4132f4362,1800.0
20505e076fa2a9085020,1023.0
4bf177ae233461d8bf4d,1428.0
7b135496f8d9fa57962c,3268.0
4f83004f0bd3706c18da,2040.0
b66c961c3ce04a1ed106,2001.0
fdda03e8ec93c3d682ec,1919.0
cd214c74b90201427ce5,1390.0
9e7c5eb02775a7d089dc,2208.0
2963ecb194f147f3675b,2160.0
6e6c00a10ce74c98b30c,1791.0
8f77101b97b84dd8d72d,1828.0
1a92734c57081188804f,1515.0
d3fd0c6aec7ac24d880f,1230.0
bacff989d23e9a4404bc,1360.0
5b9d5c31a769476a1c54,1042.0
b2e25cab2bd85dd78413,1220.0
eda5a9eba9768c12c585,1959.0
19d249af1c70634a5096,1498.0
28caf5d97571a2fe2c1a,1258.0
b72cfb3129e1aee7b048,2088.0
7ee53bab55e7a942ab85,1582.0
d6af7bf275f0afd5af21,2585.0
4ff1f08cafdb54bd7f5d,1707.0
c57e50f20810bb09b892,2339.0
75083a6ea3097536945e,1505.0
8fe3958150f7ccdeb0ef,1891.0
55fd88b2508f305805fe,2429.0
2211e1933de7946b5995,1428.0
046e741533df7e4d51b0,1486.0
a6c3999235d18b0cfbeb,1529.0
7151ed8b1ae223cf7f68,1239.0
99ec443bdf510c91cbfe,1406.0
f6284952d9cb4350c4b5,2003.0
ef219e4e8fcdf31348c9,1285.0
92e75ca13adb5117fd84,1251.0
856d3a3d4061aa2ed58d,1743.0
fb9e93ba5bdd5a62d142,1388.0
e9f70947afb2a289d8d5,1730.0
dddc748ba28f7d24131e,1394.0
becbc549daaa2a50179d,1215.0
1b599e5b52e45dc5e8e2,2041.0
ee0ffc4e120d1e03a13a,1885.0
f3da0d66ac4436986db8,1447.0
ee73182d4fd1426ce404,1542.0
8a0682b155b0839e2993,1256.0
a998c5919e89048c1e35,1636.0
3cdd9930ae5f0f0db2a8,2702.0
391ad1cbd203a402ffbe,2027.0
e8184778f31d9216e533,1927.0
bb1860ce4ac655528a22,1944.0
baf172071f6c62e5fdee,1973.0
8fcd914ffc0e8ca85efc,2324.0
173480dbbf05837f1e4c,1773.0
5bba6a8bf6f0eb44b8ea,1494.0
ce3f6884f85409777190,1402.0
18ed432022cc1f14f936,1216.0
d6f6141ea3a29039fae7,1319.0
49b2410863f55397863b,1669.0
6e1dd7f90429e47ece3b,1522.0
8ce2662f55150ba4cd73,1422.0
7d95a91e1852c669f3ab,1081.0
d5b62e8e8fe1617af299,1234.0
c255a9b4bcda044f3856,1495.0
a6d9ac9a411146f3cdfa,1988.0
2f6cca90f5ea0fba364c,1299.0
fd38034afef372a952c8,1430.0
d7395827789ea1e73e02,2147.0
75684ad9506ae8daed3c,1063.0
b9ed66ad54719b1fccb8,2719.0
0944ff856b29393e2965,1821.0
ee75142fb4e9fd44270b,2488.0
9924121e7c75ca897068,1740.0
bf2c92f25da3819afb3c,1703.0
91edcd374843bd24d52b,2140.0
9f27f20f003edef7a021,1959.0
87938a819feffdfb2a17,1485.0
7399e54aa46441e91446,1940.0
95356c28a0362f1f0c14,2539.0
e2e8fc6964ba4b4afb66,2046.0
551c62d0eb3ee63d7a01,2096.0
915a22ab43506f0cd287,1343.0
ee69fe138e1662420f09,2967.0
3a323f6f157dee4ee316,1434.0
3698a8d9784897d15a57,3128.0
2289eaa0ffd8c8472736,1774.0
4717f83ae4ce0bda69bc,1946.0
8b3c0d371dd056c00c95,1522.0
ec2e0f8468ff044e56cd,1853.0
be1450bdd3b3923a2eb1,1311.0
f654f15e9d451d325219,1061.0
3a4813744343996f0a30,1393.0
44c9564cb8e355abbe89,1044.0
fee9186b83fe127e6652,2514.0
01dfd9bb4a018937ce02,1360.0
0df64e03442833f0d5e0,1041.0
ab07e1a82aed3863bb1d,1222.0
92065f54d8cd5d1afe80,3311.0
1360a9173638c90b3b3d,2595.0
1a47f31e7576df08df8d,1896.0
bcfd29e4e613e30765ff,1155.0
565f5c0e37e582422c0e,1217.0
c248dc6f87e4137b5cf0,1926.0
a15f27c09e2217fd7fee,1052.0
91f9f525dc2db03e05b9,1226.0
8a613154202cabfaceec,2062.0
349e9db95305b4df46e8,1732.0
94d99a5e5de5bdb96b53,1178.0
0be540865a8e9ab4efd2,1761.0
5b05606e0ecc5b49319a,1110.0
731d59e2f33e5b11dc1b,1796.0
a4856a14da2d143f2141,1597.0
d96057f003a899a0268b,2046.0
c527c106d1931e35c4bf,1208.0
4c78b2dfdec2285df24c,1192.0
7734ec848ecd642d3769,2556.0
0ca1c2f7ba500029bee3,1269.0
aa047c4ad6139aae4d5d,1164.0
e0a623d128da5b63eab4,1516.0
b93184860cb02f6c71f6,1299.0
8241e19057575852fefb,1233.0
37af2cc9bcb15e87eb68,1769.0
5ba24431e722d316b6f1,1860.0
9a938fe09109830b4bc6,1228.0
696f8ffbd51000d966df,1422.0
c338590d8c5d0e737d5c,966.0
dffcc2b8b9ca3d9bad72,1573.0
1f6af4b473f282b42e6c,1636.0
aa42481a4e478f8e6c82,1773.0
4c4c0a92948185e99d0a,1318.0
16212223683693989b01,1582.0
6d04f64ab86f402fbb77,1281.0
2b32f977631607403231,1240.0
4d46ceb632384791b557,1602.0
98870f52dcb759135cbb,1440.0
b40ffc3073ed586720b4,1607.0
039551f561f5adb05a15,1126.0
4c52cf827ea4c49c9703,1678.0
3878fbf01e1544f0fb2a,1786.0
cb386f073be9376643fb,2603.0
2ec5c5f3bb0c9bc40c29,2136.0
6f14b68fa41ab3f1c3c8,1966.0
523d1838b589cebade5a,1355.0
a790e706a2a973a2d233,1664.0
d03d9fa88cbec0ac4ab3,1320.0
4423ad40463f26870004,1029.0
083b57842c487709a59d,1573.0
bd6e951c4dc4c5ea479e,1843.0
f6ef0dca61a98ba49f75,1117.0
ae87106aecf0b1893c3c,2039.0
e182e8de0f03c5526800,1369.0
b48fab969515627a66e5,1680.0
e4cf11c0bb362fa0d8de,1538.0
41b472a80779fa82d1c4,2595.0
9f8c82df7fe39b711131,1711.0
ff9947903aae37153bd3,2037.0
7e843084cadfbc2bb633,1505.0
0939bc0cf52553faec5e,1550.0
77bac20514ea27a9c2e3,2109.0
5d969d937baad9fd9e31,2828.0
2b1803f9f5386e1bf075,1139.0
657cd4ec905133f9372f,1330.0
b7dfed97cb95ef9b2af1,2025.0
79d6fbf20431e72f1186,2427.0
44363f3f6896b7544dca,1935.0
e445f64f5b5ff2319a36,1236.0
2b5fe50011f38e4a6cc4,1985.0
db638655d7e95c14608e,1635.0
ccfab6af345d99a1aa3d,1200.0
ee5bc3ec0f3d40d60bbb,1877.0
7671c8652c7bd23033d4,2045.0
60725c14f0fd1808f41c,1281.0
b182cfb2a8cb1693d33a,1948.0
6db075dd6bcd0825327b,1101.0
0aa78e2b26caa5c7040e,2406.0
69315040f3c5ca39ef4d,1520.0
6b0ff56139960b8f9393,1601.0
8a578e970cad50536f28,1382.0
5ba83c654a06212c1450,1913.0
78346831deafa4e5a90a,1004.0
cb8406405b06fe053f59,1250.0
8b14376de05a0af5d5ec,1519.0
9bb43ad368e334546e55,1915.0
a9743babe900603d9913,2189.0
83bb72a8a0bb5d6ef91c,1621.0
9a1cfd05ebd4ccfae60c,2229.0
b5b81b4bca68a3477f0d,1094.0
533df087a154a5028c6f,3131.0
5c9d8d5d54e48dadb3ee,1260.0
69f84c1c2ce5b151f150,1696.0
400e1fdadfec949e6190,1749.0
02e7acc37a957a97fd71,1599.0
60a5216c186de438ad88,1471.0
9137bc72b68051f9d8a6,2070.0
7892e161510c3a021083,1475.0
58a0c7705c557155b5ab,1291.0
67880b34c74fba24c64b,2374.0
c11788b60d356885fa65,1376.0
46f28f33670aea1755aa,1532.0
e5bb04f498d67949142c,1255.0
91fe7939a052b308bb6d,1566.0
52152077eeaaaac0594a,1510.0
ba2afd5c89d97170d66a,1367.0
1f6b93d0569f7de22cb9,1675.0
04a49213b9a47fc152e4,2442.0
cd3f24b5da4471fdb2ea,1518.0
f1a702ff4868cedc4c78,1589.0
ff8bcba92caab15aaa03,1204.0
6bce8cb21b74989a4fda,2224.0
489d40bee81a8fcffb5c,2958.0
b2f328e4b969aa2aa163,983.0
c95cb7af624eeb1bbe6b,1247.0
a4d18669384b390e9bb4,1460.0
71c2fb08153b9ae978b1,1047.0
d3e70d7d578b2ee3e655,2664.0
a02f49caeaa21cac88a5,1634.0
b7735f41628552048a12,2940.0
534cd927a5d2e87c5669,2770.0
4f36db4f75b6d13173e3,1167.0
fd4405efd1f55bf6640a,1427.0
184e65cde02dbfa32043,1428.0
a68fdb02a5b2a902f5a4,2099.0
86efea7eca73918c88ce,2151.0
4b604bf8c6c3fd8f1331,1747.0
3fad9e21768af4be3631,1695.0
e90589a3f2db1fbe25ba,1041.0
f214e1482e0e44ca3a3e,1684.0
894f8cd934082be1a126,1236.0
c117e95fef0ff4d276c2,1920.0
00d12f0ee2f73741fb75,2761.0
093f30308481252a12ef,1825.0
c6d9fabf8970e7597da9,2979.0
7be15f5159bc2776eda1,1728.0
2f96dfb1ffc1abbb63b8,3105.0
0e7de90d421f2509ce39,1733.0
ff725d53e8702ff6ebf6,1992.0
6a63add51875b689bfb9,2088.0
22bc4ed2ed620fc134c5,2212.0
649a76a13cc7564174dd,1760.0
51358a602be5e20bc9c8,2060.0
8c9fee0258ca275f5ce8,1625.0
8785be6f08b39c9a522f,1512.0
b5a8dcc4789ee94d5726,2115.0
b60f3421322d6f248dfe,1410.0
846520a3a415bb314429,1352.0
3b1b1d1a90727b1141c8,1644.0
f594231666e787d70b69,1448.0
a2477c555fe5cabdc38c,1739.0
cd9cebbb0de6587bf7f7,3464.0
03d8d61750410589b79d,1677.0
8458b7844dd2a6f9608d,1452.0
ca470c7a1786a9df37dc,1332.0
6b1bfcb2356fa8ddbbb7,1841.0
9463ad7288ca59bd99bd,2601.0
7fae10cbfaf7cd491e17,1787.0
98ead7d1da17e64ce827,1158.0
fc53b6d615ed9e6230dc,2101.0
22fd834f0be204456bec,1632.0
01898b7b12706aa1a229,1692.0
07040d292d27120f6d51,1749.0
d3ee6aa2287a9bce0c68,2141.0
4b87e55428d92ad27fd0,1474.0
232761033932dcb1c8e5,1836.0
4dca1cb308116bb1a5d1,1931.0
c1488a0382fa7c2994bc,2300.0
2b84a1352fff1bced838,2356.0
3255e0d047b763589993,1121.0
c842f799f58837d31db4,1675.0
8559ec3cd423833eb422,1078.0
7607b5d158e39c4463c7,2295.0
1e76b2d03c56a9f37e01,1513.0
daa02ce93dbcc6c3b39d,1373.0
299ff1e29f43774be380,1197.0
b507ea0d9bea172a4a3d,1740.0
d0ed71095b670e57858f,1747.0
3a22f84aa3891a71ef19,1103.0
ebb4dc9ff6b19f6d3c16,1042.0
c99b282c110e3b207de7,1285.0
da77ed2e408964ac97cc,1265.0
c8029ca6f665de97d8fd,1332.0
27a36658deefb3e37d1f,1161.0
7478372083687f5c818b,1816.0
f3d019f93ef8c52d435d,2592.0
9495ab0604d1a3182804,1749.0
7c29ce3fc9977a5b2d38,1083.0
ca719d62c9b5c81edbed,984.0
098060eeb647809a0aef,1832.0
e4f58498375f660b7cfb,2166.0
ee13b27284b1aa67d05b,1067.0
2b514273011b2dcafc16,1329.0
c1918d94b5f7cf8dab5f,1853.0
fbbeabaf1975bdb7ec68,1150.0
2cd558cc29fda81c8415,2140.0
15a6bd07805c8c98e74f,1789.0
57e9d2fa3abc7e35183c,1711.0
e8f2487336bd251c6241,1402.0
6d68de7a8e6b520a400e,1417.0
fe8dbb0454ea804a7490,1277.0
3af553f905364074ac7d,1127.0
789c9fa3a65bc7a398da,1554.0
47285f4840646759564f,1166.0
4979e7538bff355f5bc6,2101.0
288df05f3222e9ae715b,1312.0
26825c67cdddc3156b32,1076.0
14e035cee273ad6e1b30,2193.0
10eb38304381e53874c2,1240.0
a8b94616db436fbf465d,1036.0
717a25691799a3be3912,1375.0
1fe300fcdaa03ff45393,2257.0
fb4c576c15d949a95eea,1378.0
b4ac58888e09c9f1d5bb,1449.0
42cff505c63806038b63,2422.0
a5bf232117d586db5b1e,1902.0
d30c398ee4c3b6beac46,2473.0
18d9bc54bbc670c22927,1793.0
fbfd5cf161e96e16616d,1475.0
f7bdd3956b3cbe31b76d,1505.0
db9645e48bd03fd9e861,1649.0
2c5753a3b736deef6586,1817.0
4748fba88fb840209413,1258.0
6937c4f7efd8d47ec9e1,1472.0
69570b66292032468962,1504.0
dd909133a543f64da37d,1128.0
ef90b9117f9f433440b4,1098.0
3e5351100868775f72b6,2329.0
4bccf6f33cbbf45ae181,1323.0
0d9f3f38d11d21d6431f,1783.0
d9aa479f462ee3b268a4,1309.0
d386ba79a1f07f2f6352,2042.0
769d12ef4ca0d887ff6b,1739.0
b236a67f9711442e5886,1802.0
3177b7cc339408960362,1527.0
fb6c5ad2fc8b3bd8130f,885.0
78505e3c9eeb364ac44f,1392.0
51dfb42cafcf38ee273c,1376.0
76921674cbdca8ff6353,1654.0
98766d088ecda225ec37,1037.0
86d999cc7ef10ed21e17,1906.0
3f4766945e4892eec493,1160.0
25446355ea8a1ead646a,1433.0
235f372c53da6fccf9de,1839.0
28ac0b2e3ed541fd4fab,1506.0
b32336c9dc037e053d48,2019.0
fd016e75e10c4442bfc4,1956.0
8287fee22e31370a39fd,1641.0
a64c553dcf58b3705ea2,1265.0
cb51efcb695ce6f65bd6,2005.0
32cb594a27904353392d,2396.0
c692ed78eb0fa994ab1a,2990.0
bc96fdc6e4a357abeaa0,1437.0
d04891261f5c9136d401,1987.0
801214c0817e7a464ef7,2282.0
9db499396e3631ce2f21,1702.0
de08680fb97d54380fff,1986.0
ac58756b1a0e74b810fa,1371.0
7b800e8e41c8136f0871,1702.0
a6058c0dd28865871992,1424.0
a1bdaaa30de3658930cf,1026.0
210642b67c26efeb9fb1,1078.0
355a1595ed290cab83a2,1155.0
6e3ef869b5eeb478bfd9,1187.0
22eddee5cd13432e9391,2044.0
485a8c7ec7b50dd11595,1044.0
f0426d5d941c54ff93f9,1257.0
89845ba9a535cf598a64,2726.0
8865d4985e520bd6ef6a,1394.0
915942f79a1e9b3f98ea,2076.0
5aecb99f7f4ef2b84b96,1978.0
f6070eae4d3d1be35cc8,2081.0
12bad703af8652034876,1203.0
2a69b2c28acd78c1a1de,1573.0
9f31b63854a387714e70,1657.0
d6644afc9da87040948b,2046.0
2b67def63cc089f3ee6b,1711.0
ba2d1ebee7f3435ea0af,882.0
cf13a36f98b782d9200e,2495.0
e1c7ce3a58d4227eafc1,1434.0
458aa7d5dd455f76f149,1681.0
e6b10d8763891416fcc2,1417.0
2391f828777a5697b594,2073.0
c79b1fb8aaa280bfcef9,2884.0
6c2bf18d5b7779405b98,1931.0
1ea451e46ebf26729e49,1598.0
e24ced2d7e0d7f756c86,1274.0
b11dc14e149c8cc1a2be,1450.0
95cc38dc123f6b92e647,1312.0
79de44adadd4ca463a02,1287.0
9a5b81375cbfc4011d6d,1383.0
8618389dd23f7eb49dc1,1870.0
ee5d88ec43c88ae121f9,2045.0
54f70966a0dd981e434f,2244.0
590df852a038f3ba759f,1899.0
7184f5bd30df3253bbd0,2570.0
7dc775f3973bdc0566db,1849.0
eb97e33630de5c4fe51c,1269.0
e5d63eab515f51e4e6d1,1100.0
6e8bb99065dbcce3df52,2123.0
abfebcee11f2f8c771f6,1449.0
c43158ade0525854611f,1177.0
7092b9cd3feccff41d4b,1397.0
2b98510ab85fda4fe901,1421.0
e136b6e22c788d2d8fc4,1226.0
f89541e5442b3db93d6f,1969.0
399ab9c0db9692d3f3e3,1180.0
369d27f9cbda45286231,1987.0
1afbf799daa3a392d752,1919.0
6fa91c86f485130ec5fa,1043.0
1597feb9897cbf392292,2179.0
6f130e33bf423e6e7c5d,1460.0
172fde6533d160130a9a,1815.0
10075956c1a1dafbc3ac,2158.0
953818ac20bf334c8056,1061.0
18b2373f90c0f39a417d,1214.0
a7ae5e3396dd79a6fd77,1603.0
293defa423faf44468ff,1282.0
269655ee1eab6996931b,1602.0
e36639851175103e14a7,1358.0
ca1c1ae4f9b413a6ede2,1820.0
e668411fa0582ccf1a2e,1612.0
a18ce6ecb19e6fff0eab,1869.0
28faf8906dd7d1d9af5f,1631.0
0c47975977897fb5e06e,1438.0
96da3b5da300c962cb89,1324.0
ccf92557123a1b622696,1331.0
3c0c292e31d3ab501052,1355.0
5499817e7789ccb12743,1233.0
924d2f33cce11ab26888,2665.0
b64c31543e9d7f37fad6,1650.0
60e6bb115bb9ee453cf5,2051.0
1b668851563660749128,1733.0
f0bf1b2ca8e6ded491c0,1210.0
7f328e3291ab91bf14bb,1406.0
efdc9f27260c816ac516,2256.0
baa44ada13360a5bea62,1275.0
9772e63dd9a7f6b5e0f8,1904.0
a77400a0dbf00a9f3ed1,1314.0
98dc7e2b1efb026dc448,1246.0
c85afd41be7909548865,1449.0
3c9b7b1f78f68731e245,1514.0
056ba7ac3ae0f5927b36,2299.0
68d9dafccd71b4071924,932.0
10f3a9441c5b415bcfee,1322.0
ee75ab618bead149cf90,1455.0
2b8a5935eacb323380e3,1528.0
b8eecf24bf79d0d151ad,1567.0
b2fa752fdc97a952abfb,1349.0
8f54f0999f2e0a52cb2f,983.0
8fd4c0176034690d8027,2849.0
cc9bb6d8d1156e9c1b8f,1929.0
ecb1e344abe7f4525d90,1734.0
8506da16e000d9b98aa1,1482.0
faba72d22c60202c004e,1551.0
c475e6df7a3b9a873f37,1403.0
1785c4e3fcaffe400c1f,1638.0
0b8476a6ba5f7f3eb444,1652.0
70a8b75a2d30df646037,1772.0
e3435b4ee72ab978fdc9,1730.0
3e5be62c8a9dc0007296,1114.0
a3a1043f2f751840b1b7,1539.0
6b4bd29477a520f21d46,1757.0
c157164e98d3b7dd428f,1623.0
6e1123c893685ec29501,2871.0
ffda2c7bcbe6921304e2,1646.0
568d1c8d580d1891479a,1736.0
54013d5287c602d65613,1521.0
8c9e817399b0e45487f7,1499.0
1b84166c9ffa3ecf3a16,1250.0
73fab99697485bb5db0e,1406.0
93f84425d19aec20edb5,1642.0
ec8182590a7f803d09ff,1965.0
54dcf3ad4e51b426a6b4,2067.0
25b137a0b1ce5e0b1049,2522.0
f8285fd48a156a7c0124,1506.0
21c7febc1a075bd1821e,1648.0
1f2dcf4b1573d3e2be2f,1699.0
216d1be3face7639a9e8,1161.0
92b9e8bd0559572fa6cf,2031.0
c9649e7e5d9b59b1355b,1471.0
d15392c8047f2f329fd1,1097.0
48e4fe127bc5ba1475cf,1646.0
5d299bd25d03d8c6ff19,1209.0
7384d998a21c6f23a3fe,1815.0
c964d292a140d4336891,2273.0
62432cab82a8bed92364,2232.0
a7b21169bbfa287c58b8,1914.0
de96c38cd5c08a7ba5de,2751.0
826f0dda5f622de20598,1817.0
481a5600236927611681,1194.0
2dce43c95c4a7b4d7161,1625.0
c31e4b2461a04514097e,1178.0
ec9e18389d58f1075c1d,2641.0
214c06f899a63613da42,2109.0
9c5140e813272cee2f82,1653.0
adce9112bf8f77cab829,982.0
c65496a370edf4194231,1112.0
d3fd474971b057506186,1777.0
271c9183552504121b12,1260.0
4b40627de82ffb121d3f,1561.0
c3c82a754fa3d5b92770,2213.0
fe6f9f05efe4b56179c2,1684.0
c34927f8faa8e7dcce6a,1736.0
1df44f5503ef99b5bf13,968.0
871ff27bc3da7ac8a631,1432.0
1b1a127100ea86951058,1325.0
1d02d1198c5545df2cd0,1883.0
71485acb7bc4989a2d22,1131.0
c7355b358c95fc95c389,1950.0
2c1b6ffb0fada321e0c0,2082.0
f4b890d2a70b055e60a0,2694.0
5f0fbcce82620a409309,1825.0
e111397af0eaf0b73e57,2554.0
c9ede16dab6bd0353a0c,1595.0
a58c735c75bd3a076f6c,1095.0
7c29fd0d273fdd096458,1885.0
aae043f0631d84b418ae,2042.0
84b9fe957861f943901d,1604.0
06fa4a43a2deb8918576,1257.0
68bf4cfd9971708e862a,1436.0
6505a9dd3a8382d66375,1956.0
7e5323bc51e6837124c2,1149.0
6976b8d1ae37684025b0,1842.0
5d4485a27992197c6fc3,1844.0
16f7e9a42b8b4b55810a,1673.0
401335c288a6bc4dca2c,2727.0
90251980f0b65d00789c,1873.0
e0a24df292d9c6ccc9e9,1174.0
04ef3355f4475ac1be8b,1685.0
99157f84ca77e4fee38a,2486.0
3617483af093cc4d8c2e,1100.0
19716d390fd762769eae,1172.0
1fb658b0e482e602ff69,1171.0
b34f81e2cf51951ca068,1802.0
2303f9a22819699a2e51,1114.0
b52eac7bf723a8c564c2,1469.0
821be2774fdcc6778ae3,1775.0
5c629b906118ed26b0f6,1102.0
3fa08126b930ee91157a,1418.0
579829855c2359d7a056,1957.0
191aa625c2ebd3083c5f,1696.0
9bd57dc1b9e5cbdda5fd,1953.0
3b06020d84146d2e43a4,2146.0
f77cf58a8a34571f50cc,1500.0
420c783f496105581904,1866.0
d06392e88d2ff4e75f09,1378.0
5615cf51406c5f35afb6,1138.0
e6671d14164a63720db2,1250.0
804f8b3d029daf07bd16,1826.0
283d05d4b874e621a94f,1156.0
1fa2945b598914ea4595,1558.0
8e03d98f503182409755,1337.0
b93c2e306d451ff27868,1108.0
a4d7f01555c37ca5d5d6,1231.0
38ff820f643152eda1d8,1383.0
ab9bf8b21d9dce5a54f5,1940.0
4370b49c6b4152d93922,1568.0
cba23ce4d64dd22696d3,941.0
6fc9777f66eb174d47b7,1246.0
a1146dd111128f799da7,919.0
74aaf8e7c0ee5a8de0ba,1254.0
333a558572cc6d178eae,1342.0
